"";"COMMUNE";"LIBGEO";"MED15";"SEXE_1";"SEXE_2";"AGEREVQ_015";"AGEREVQ_020";"AGEREVQ_025";"AGEREVQ_030";"AGEREVQ_035";"AGEREVQ_040";"AGEREVQ_045";"AGEREVQ_050";"AGEREVQ_055";"AGEREVQ_060";"AGEREVQ_065";"AGEREVQ_070";"AGEREVQ_075";"AGEREVQ_080";"AGEREVQ_085";"AGEREVQ_090";"AGEREVQ_095";"AGEREVQ_100";"AGEREVQ_110";"AGEREVQ_105";"CS1_1";"CS1_2";"CS1_3";"CS1_4";"CS1_5";"CS1_6";"CS1_7";"CS1_8";"DIPLOME_1";"DIPLOME_2";"DIPLOME_3";"EMPLOI_1";"EMPLOI_2";"EMPLOI_3";"EMPLOI_9";"MENAGE_1";"MENAGE_2";"MENAGE_3";"MENAGE_4";"MENAGE_5";"TYPLOG_1";"TYPLOG_3";"TYPLOG_2";"STOCC_1";"STOCC_2";"STOCC_3";"STOCC_4"
"1";37001;"Abilly";46946;505;530;7,73;3,86;5,8;3,86;5,8;4,83;8,21;6,28;7,25;11,11;6,28;4,35;8,7;7,73;5,8;2,42;0;0;0;0;0,48;3,86;0,97;7,73;14,01;16,43;43,96;12,56;78,74;15,46;5,8;30,43;5,31;4,35;59,9;14,98;2,42;33,82;34,78;14,01;87,92;12,08;0;70,53;13,04;2,9;13,53
"2";37002;"Ambillou";24013;676;676;7,84;1,88;5,27;9,41;9,04;14,67;11,28;7,52;8,26;7,13;8,28;3,77;1,13;3,01;1,51;0;0;0;0;0;0;3,01;5,27;19,58;19,58;16,19;21,46;14,91;55,57;19,58;24,85;47,44;6,4;4,14;42,02;12,8;6,4;49,32;26,36;5,12;90,74;5,87;3,39;82,46;6,4;7,53;3,61
"3";37003;"Amboise";19751;5032;5494;8,29;6,27;5,82;6,94;6,28;7,11;7,15;7,49;6,74;8,65;8,15;5,07;4,55;4,95;3,93;2,06;0,52;0,05;0;0;0,19;3,22;6,39;12,29;16,29;14,11;33,78;13,73;60,62;16,55;22,83;33,54;6,66;4,52;55,28;21,28;10,29;31,43;30,55;6,46;63,52;5,59;30,9;53,68;15,43;22,48;8,41
"4";37004;"Anché";39966;169;174;7,25;2,9;2,9;2,9;10,14;5,8;7,25;11,59;14,49;14,49;4,35;5,8;0;7,25;2,9;0;0;0;0;0;2,9;2,9;4,35;13,04;21,74;11,59;30,43;13,04;76,81;14,49;8,7;36,23;11,59;7,25;44,93;18,84;2,9;46,38;31,88;0;98,55;1,45;0;82,61;14,49;0;2,9
"5";37005;"Antogny-le-Tillac";31806;201;201;1,25;7,5;10;10;7,5;6,25;2,5;6,25;17,5;2,5;6,25;5;7,5;2,5;2,5;2,5;2,5;0;0;0;2,5;0;1,25;16,25;20;26,25;28,75;5;60;15;25;45;12,5;2,5;40;15;6,25;33,75;42,5;2,5;100;0;0;81,25;18,75;0;0
"6";37006;"Artannes-sur-Indre";52327;1034;1129;8,05;6,93;7,44;5,78;6,01;7,85;10,39;11,86;9,54;8,4;9,34;3,5;2,1;1,4;0,47;0,94;0;0;0;0;0,7;3,93;7,88;18,3;18,55;13,66;25,68;11,29;51,81;20,83;27,35;46,34;5,1;5,09;43,47;12,22;5,33;46,98;34,54;0,93;98,6;0,71;0,7;84,85;7,25;5,57;2,33
"7";37007;"Assay";49983;64;88;6,45;0;3,23;3,23;16,13;12,9;6,45;0;0;12,9;12,9;6,45;9,68;3,23;0;6,45;0;0;0;0;3,23;3,23;0;9,68;22,58;9,68;45,16;6,45;58,06;0;41,94;16,13;16,13;6,45;61,29;12,9;3,23;38,71;45,16;0;100;0;0;74,19;12,9;0;12,9
"8";37008;"Athée-sur-Cher";17405;1000;1035;8,11;3,93;5,16;7,62;11,06;10,32;9,09;7,86;5,9;6,39;7,37;4,42;4,42;2,21;3,69;1,72;0,25;0,49;0;0;0,98;5,16;6,88;13,76;19,16;14,5;30,22;9,34;55,04;18,67;26,29;41,77;6,88;6,88;44,47;8,85;7,37;48,65;28,99;6,14;94,84;3,93;1,23;86,73;8,85;1,47;2,95
"9";37009;"Autrèche";51286;150;185;10,45;2,99;5,97;5,97;13,43;5,97;11,94;10,45;2,99;7,46;5,97;1,49;1,49;4,48;2,99;1,49;1,49;2,99;0;0;2,99;1,49;4,48;17,91;20,9;13,43;23,88;14,93;47,76;25,37;26,87;46,27;5,97;5,97;41,79;8,96;13,43;40,3;26,87;10,45;92,54;7,46;0;67,16;13,43;10,45;8,96
"10";37010;"Auzouer-en-Touraine";33938;865;890;6,55;2,85;6,55;7,12;7,12;11,4;8,55;8,55;7,12;7,98;6,27;3,13;5,98;2,28;4,84;2,56;0,57;0,57;0;0;0,28;0,57;3,7;17,09;15,95;16,81;32,48;13,11;62,68;19,66;17,66;43,02;5,98;1,14;49,86;8,26;2,56;45,3;30,77;13,11;86,32;13,11;0,57;71,23;12,54;2,85;13,39
"11";37011;"Avoine";36192;683;777;6,99;4,47;6,22;4,8;7,13;9,79;9,85;7,25;6,18;10,09;10,12;3,82;6,63;4,55;0,7;0,71;0,35;0,35;0;0;0,7;2,02;4,08;10,7;19,82;16,02;35,56;11,11;68,76;17,51;13,73;33,87;9,2;2,74;54,19;18,77;8,27;36,54;33,37;3,06;87,82;1,04;11,14;58,5;18,39;21,38;1,73
"12";37012;"Avon-les-Roches";30760;220;200;2,38;2,38;5,95;16,67;3,57;14,29;4,76;5,95;7,14;7,14;9,52;4,76;8,33;2,38;1,19;3,57;0;0;0;0;3,57;2,38;4,76;8,33;9,52;22,62;39,29;9,52;65,48;10,71;23,81;35,71;7,14;5,95;51,19;15,48;3,57;47,62;28,57;4,76;100;0;0;82,14;14,29;0;3,57
"13";37013;"Avrillé-les-Ponceaux";46163;210;176;7,86;3,9;2,6;6,54;7,83;6,51;15,58;15,59;6,46;3,9;5,17;3,87;3,87;2,58;5,17;1,29;1,28;0;0;0;0;6,52;9,1;13,01;11,72;24,67;24,52;10,46;64,9;16,91;18,19;42,93;11,68;6,52;38,87;12,83;5,23;43,18;38,77;0;98,72;0;1,28;88,29;3,89;5,21;2,62
"14";37014;"Azay-le-Rideau";27587;1350;1495;9,31;5,62;6,15;6,85;8,61;8,44;7,56;8,79;9,84;4,22;8,08;3,16;5,62;4,04;3,34;0,35;0;0;0;0;0,88;3,34;6,85;14,76;19,86;10,37;29,35;14,59;58,35;14,24;27,42;38,66;6,68;5,98;48,68;15,99;10,54;40,6;28,47;4,39;83,48;2,64;13,88;69,77;15,64;9,31;5,27
"15";37015;"Azay-sur-Cher";25156;1226;1268;9,05;3,4;4,25;7,45;6,58;11,85;9,01;9,62;12,9;8,69;6,67;4,36;1,88;1,66;1,8;0,84;0;0;0;0;0,81;4,23;10,04;22,69;15,3;10,37;25,1;11,47;51,81;19,84;28,35;46,37;6,55;6,01;41,07;10,36;6,45;43,79;36,37;3,03;96,3;0,61;3,1;87,69;9,04;1,45;1,83
"16";37016;"Azay-sur-Indre";53679;144;154;8,43;3,33;1,65;6,69;10,16;8,36;16,76;8,33;4,98;6,6;4,93;4,95;8,25;4,95;0;1,64;0;0;0;0;0;6,71;8,4;13,36;21,74;8,34;29,66;11,8;64,92;15,02;20,07;51,84;0;6,71;41,45;14,73;6,62;45,56;33,09;0;91,75;0;8,25;81,75;18,25;0;0
"17";37018;"Ballan-Miré";33530;3018;3551;6,97;3,71;4,01;5,98;6,97;8,03;9,17;9,32;9,93;7,88;8,2;6,83;4,86;3,49;2,97;0,99;0,61;0,08;0;0;0,08;3,42;9,85;16,66;15,6;9,17;33,49;11,74;50,75;17,81;31,44;38,4;5,53;4,93;51,13;13,86;8,71;37,8;35,75;3,88;80,37;3,5;16,13;70,98;12,73;10,91;5,39
"18";37019;"Barrou";19369;190;205;0;2,53;7,59;7,59;2,53;7,59;6,33;8,86;3,8;17,72;11,39;7,59;8,86;5,06;1,27;0;1,27;0;0;0;7,59;2,53;6,33;10,13;11,39;11,39;46,84;3,8;75,95;8,86;15,19;25,32;7,59;10,13;56,96;18,99;7,59;32,91;37,97;2,53;100;0;0;73,42;20,25;6,33;0
"19";37020;"Beaulieu-lès-Loches";36049;686;812;3,71;2,69;5,05;6,4;7,07;8,76;5,38;5,7;11,11;10,1;9,77;10,78;5,73;4,04;3,03;0,67;0;0;0;0;0,34;3,71;4,04;9,43;17,85;14,48;42,78;7,37;66,65;15,16;18,19;34,36;6,74;4,72;54,19;21,89;5,73;28,29;42,44;1,65;88,59;1,65;9,77;72,76;14,48;8,76;4
"20";37021;"Beaumont-la-Ronce";30354;673;609;4,16;3,75;5,93;12,78;14,26;9,04;11,78;7,88;6,63;7,41;5,07;4,28;3,51;2,73;0,78;0;0;0;0;0;1,96;2,34;8,19;15,97;18,34;15,67;21,06;16,47;54,23;21,2;24,57;46,23;5,85;5,08;42,83;12,09;3,11;40,94;30,41;13,45;84,6;13,45;1,94;68,2;13,29;4,28;14,23
"21";37022;"Beaumont-en-Véron";31960;1169;1139;6,17;5,43;5,86;4,74;6,03;7,96;9,05;13,08;10,04;9,43;6,81;4,4;4,18;3,31;2,42;1,1;0;0;0;0;0,65;2,17;9,51;14,18;15,82;15,31;29,2;13,16;61,78;16,51;21,7;42,06;7,14;3,68;47,12;14,69;5,42;36,32;39,03;4,54;96,29;2,39;1,33;79,77;14,79;2,2;3,25
"22";37023;"Beaumont-Village";32285;93;142;11,63;4,65;0;2,33;2,33;4,65;11,63;9,3;4,65;16,28;9,3;2,33;2,33;4,65;13,95;0;0;0;0;0;6,98;2,33;0;6,98;16,28;11,63;41,86;13,95;74,42;9,3;16,28;25,58;4,65;9,3;60,47;18,6;11,63;37,21;27,91;4,65;100;0;0;86,05;13,95;0;0
"23";37024;"Benais";40943;425;370;5,66;6,29;6,92;5,03;6,92;3,77;11,32;14,47;11,32;11,32;4,4;3,77;3,77;1,26;2,52;1,26;0;0;0;0;2,52;5,03;7,55;10,06;21,38;16,98;23,27;13,21;61,01;8,81;30,19;30,82;13,84;10,69;44,65;14,47;7,55;39,62;35,22;3,14;99,37;0;0,63;83,02;10,69;5,66;0,63
"24";37025;"Berthenay";40531;324;298;13,01;3,25;8,94;6,5;6,5;6,5;7,32;10,57;10,57;11,38;4,07;4,07;1,63;3,25;1,63;0,81;0;0;0;0;1,63;0,81;9,76;11,38;21,14;13,82;25,2;16,26;53,66;26,02;20,33;46,34;4,07;3,25;46,34;6,5;10,57;50,41;30,89;1,63;100;0;0;100;0;0;0
"25";37026;"Betz-le-Château";30782;240;264;4,89;5,92;1;3,93;3;8,91;6,89;4,96;11,86;8,93;9,94;4,95;11,92;8,94;3,98;2,97;0;0;0;0;8,89;1,99;1,99;5,93;9,85;9,87;47,67;13,81;62,41;25,76;11,83;17,78;2,97;11,87;67,38;15,97;0,99;39,36;39,72;3,95;100;0;0;93,04;4,97;0;1,99
"26";37027;"Bléré";40304;1987;2409;6,41;4,67;5,71;5,78;8,69;8,35;6,93;6,49;6,42;9,3;7,13;5,28;5,52;6,22;3,33;2,75;0,57;0,45;0;0;0,33;3,97;5,89;11,7;15,23;14,57;38,83;9,48;66,48;14,57;18,95;34,19;5,8;5,44;54,58;19,66;9,12;30,81;32,36;8,05;77,48;6,37;16,15;61,12;18,98;11,82;8,08
"27";37028;"Bossay-sur-Claise";27758;325;350;6,77;3,01;5,26;4,51;0,75;7,52;9,02;9,02;6,77;12,78;13,53;8,27;4,51;2,26;5,26;0,75;0;0;0;0;3,01;2,26;1,5;2,26;21,05;15,79;43,61;10,53;59,4;27,07;13,53;26,32;7,52;5,26;60,9;19,55;2,26;34,59;40,6;3,01;99,25;0;0,75;89,47;7,52;0;3,01
"28";37029;"Bossée";26579;147;140;11,27;1,72;0;13,73;8,55;5,16;16,52;5,17;10,11;13,87;3,47;5,22;1,73;3,48;0;0;0;0;0;0;8,56;6,96;14,74;5,2;10,33;18,63;24,3;11,27;59,8;18,48;21,72;43,73;3,45;15,53;37,29;17,14;5,16;43,04;34,67;0;100;0;0;74,51;17,13;4,9;3,47
"29";37030;"Le Boulay";30980;304;304;7,38;0;6,56;11,48;11,47;7,38;10,66;4,1;8,2;6,56;13,11;3,28;7,38;1,64;0,82;0;0;0;0;0;0;3,28;7,38;16,39;15,57;13,93;32,79;10,66;59,84;15,57;24,59;40,98;8,2;3,28;47,54;12,29;0,82;47,54;36,06;3,28;97,54;1,64;0,82;85,24;6,56;4,92;3,28
"30";37031;"Bourgueil";48276;1545;1710;7,22;4,15;7,68;6,3;5,68;5,38;8,45;7,53;9,83;6,3;8,91;4,3;4,15;5,68;6,14;1,69;0,46;0,15;0;0;1,38;3,69;5,38;14,59;13,52;8,91;37,79;14,75;60,06;18,74;21,2;30,41;5,07;5,53;58,99;19,2;9,22;32,1;33,18;6,3;84,64;4,3;11,06;63,13;16,74;10,45;9,68
"31";37032;"Bournan";25584;110;85;2,56;7,69;5,13;2,56;12,82;2,56;7,69;5,13;10,26;23,08;10,26;2,56;2,56;2,56;2,56;0;0;0;0;0;7,69;0;0;15,38;15,38;12,82;38,46;10,26;71,79;20,51;7,69;38,46;2,56;7,69;51,28;17,95;10,26;30,77;35,9;5,13;100;0;0;92,31;5,13;0;2,56
"32";37033;"Boussay";22328;123;102;9,52;4,76;7,14;2,38;2,38;7,14;2,38;7,14;9,52;11,9;7,14;7,14;9,52;7,14;4,76;0;0;0;0;0;2,38;7,14;2,38;21,43;11,9;7,14;38,1;9,52;54,76;7,14;38,1;26,19;9,52;11,9;52,38;21,43;14,29;21,43;38,1;4,76;100;0;0;88,1;9,52;0;2,38
"33";37034;"Braslou";44424;140;115;0;5,88;7,84;5,88;5,88;5,88;3,92;9,8;11,76;9,8;15,69;13,73;0;3,92;0;0;0;0;0;0;3,92;1,96;1,96;7,84;15,69;25,49;35,29;7,84;68,63;13,73;17,65;25,49;13,73;7,84;52,94;19,61;1,96;27,45;47,06;3,92;100;0;0;78,43;15,69;3,92;1,96
"34";37035;"Braye-sous-Faye";28847;132;143;10;0;2;6;8;6;4;8;8;12;12;0;10;6;8;0;0;0;0;0;4;2;2;2;22;16;40;12;74;8;18;32;4;6;58;20;4;32;44;0;100;0;0;84;10;4;2
"35";37036;"Braye-sur-Maulne";52693;79;69;6,67;0;3,33;3,33;6,67;0;23,33;3,33;10;13,33;3,33;3,33;16,67;0;6,67;0;0;0;0;0;3,33;0;3,33;13,33;13,33;16,67;43,33;6,67;63,33;6,67;30;23,33;10;3,33;63,33;20;0;40;40;0;96,67;0;3,33;86,67;3,33;0;10
"36";37037;"Brèches";26255;118;118;7,89;10,53;5,26;2,63;0;2,63;13,16;28,95;7,89;2,63;13,16;2,63;2,63;0;0;0;0;0;0;0;7,89;2,63;2,63;18,42;10,53;26,32;18,42;13,16;55,26;21,05;23,68;34,21;13,16;13,16;39,47;13,16;0;39,47;42,11;5,26;100;0;0;86,84;13,16;0;0
"37";37038;"Bréhémont";51316;318;348;8,1;6,62;3;3,71;8,88;9,64;10,38;7,41;8,27;9,81;6,81;3,78;3,79;6,04;3;0,75;0;0;0;0;0,73;3,73;9,65;13,43;14,83;14,04;31,73;11,87;63,51;15,59;20,9;37,9;8,12;5,18;48,8;14,47;3,74;47,15;33,14;1,51;96,31;1,47;2,22;78,95;15,76;0;5,3
"38";37039;"Bridoré";36119;218;249;6,21;2,14;5,33;3,19;7,35;5,32;7,34;9,55;10,72;14,92;7,46;3,23;4,3;3,23;6,46;3,24;0;0;0;0;3,15;3,12;2,16;5,29;14,81;20,21;40,73;10,52;78,83;10,52;10,65;33,06;3,11;6,27;57,56;17,37;4,29;35,56;25,73;17,05;82,82;15,03;2,14;65,78;14,99;7,45;11,78
"39";37040;"Brizay";37461;113;132;11,37;4,07;3,55;7,51;3,57;4,25;15,38;14,14;6,37;6,37;16,84;2,12;2,12;0;0;2,32;0;0;0;0;1,94;2,12;2,12;13,67;19,6;21,85;25,54;13,14;61,75;19,1;19,15;51,73;0;4,07;44,21;11,15;4,25;37,87;46,73;0;100;0;0;80,52;4,25;15,23;0
"40";37041;"Bueil-en-Touraine";38881;115;119;2,19;2,14;8,5;17,2;15,01;8,55;8,45;4,22;6,39;4,22;12,62;4,22;4,17;0;2,11;0;0;0;0;0;2,16;0;2,11;21,4;19,21;23,44;27,36;4,33;55,14;12,87;31,98;55,42;8,6;2,16;33,82;14,61;0;43,15;42,24;0;97,91;0;2,09;82,95;12,77;4,27;0
"41";37042;"Candes-Saint-Martin";26249;97;120;7,89;15,79;5,26;2,63;10,53;5,26;7,89;13,16;5,26;10,53;5,26;7,89;0;0;2,63;0;0;0;0;0;0;5,26;2,63;21,05;10,53;18,42;15,79;26,32;63,16;13,16;23,68;28,95;2,63;10,53;57,89;26,32;21,05;26,32;26,32;0;92,11;0;7,89;60,53;18,42;13,16;7,89
"42";37043;"Cangey";52228;433;449;8,74;4,49;1,67;5,53;2,79;11,71;15,07;9,64;11,4;5,83;9,24;2,91;2,9;2,92;2,86;1,74;0,57;0;0;0;0,57;2,82;5,47;18,58;15,81;16,78;27,82;12,16;64,05;19,83;16,12;41,98;8,94;5,08;43,99;9,48;2,65;57,75;30,12;0;100;0;0;92,57;6,83;0,59;0
"43";37044;"La Celle-Guenand";40773;188;168;5,56;2,78;2,79;1,39;4,18;4,17;11,14;9,77;4,17;10,91;10,89;8,4;5,6;4,22;2,81;7,02;2,81;1,4;0;0;8,37;0;0;2,78;9,75;20,87;50,14;8,09;80,5;9,74;9,75;26,45;1,39;8,37;63,79;12,6;2,79;24,99;32,94;26,68;76,11;23,89;0;69,14;4,19;0;26,66
"44";37045;"La Celle-Saint-Avant";19648;420;465;6,17;6,2;6,78;5,6;5,06;9,02;10,69;6,77;11,91;5,68;10,79;4,54;2,85;4,54;3,41;0;0;0;0;0;0;5,63;2,26;8,48;20,28;22;30,09;11,26;73,99;15,82;10,19;40,06;7,32;6,76;45,86;17,12;4,53;37,53;39,69;1,13;95,46;0;4,54;73,4;18,68;6,21;1,7
"45";37046;"Céré-la-Ronde";33797;175;205;7,82;2,63;7,89;3,96;9,15;9,16;6,59;6,59;7,92;5,27;10,56;0;7,92;6,61;6,61;0;0;1,32;0;0;3,93;3,94;1,32;11,86;18,4;14,44;36,98;9,13;61,85;22,36;15,79;35,5;7,88;7,88;48,75;17,22;10,54;37,93;29,03;5,28;98,68;0;1,32;75;23,67;0;1,32
"46";37047;"Cerelles";32383;422;487;7,91;4,81;3,84;3,24;8,6;14,25;11,5;12,05;7,71;7,41;6,21;3,43;5,65;1,11;1,14;0,56;0,58;0;0;0;1,09;1,65;10,89;23,27;17,44;12,31;23,8;9,55;52,05;18,67;29,28;50,72;4,84;3,31;41,13;9,88;6,09;52,91;29,49;1,64;97,15;0;2,85;95,44;2,29;2,27;0
"47";37048;"Chambon";41872;140;130;3,7;5,56;9,26;7,41;1,85;9,26;3,7;7,41;1,85;11,11;14,81;5,56;9,26;5,56;3,7;0;0;0;0;0;3,7;3,7;5,56;9,26;20,37;11,11;42,59;3,7;48,15;25,93;25,93;24,07;7,41;7,41;61,11;22,22;5,56;31,48;37,04;3,7;100;0;0;61,11;35,19;0;3,7
"48";37049;"Chambourg-sur-Indre";40625;538;543;8,3;4,34;5,86;6,35;5,86;8,27;10,74;8,3;7,32;8,3;9,28;5,37;2,93;4,88;3,42;0,49;0;0;0;0;0,49;4,39;5,37;14,65;15,13;15,13;30,76;14,08;58,5;17,09;24,41;38,57;4,88;7,32;49,23;15,62;8,79;39,05;35,15;1,39;97,64;1,39;0,98;76,64;13,18;6,83;3,34
"49";37050;"Chambray-lès-Tours";49652;4454;5324;8,9;9,35;6,73;6,44;5,77;7,47;7,59;7,43;8,48;7,89;6,62;4,76;3,93;3,32;2,96;1,65;0,58;0,14;0;0;0,09;2,47;9,01;15,44;17,24;9,67;29,17;16,91;49,26;21,29;29,45;36,22;6,85;3,62;53,31;22,1;7,82;33,62;31,23;5,22;60,07;3,84;36,08;52,19;23,46;17,81;6,55
"50";37051;"Champigny-sur-Veude";28424;381;370;4,11;3,42;6,85;2,05;4,11;4,79;8,22;7,53;17,81;9,59;11,64;6,85;5,48;2,05;2,05;2,74;0,68;0;0;0;1,37;2,74;1,37;11,64;15,75;15,75;38,36;13,01;71,92;10,27;17,81;31,51;5,48;5,48;57,53;21,23;9,59;30,82;38,36;0;98,63;0;1,37;73,29;20,55;6,16;0
"51";37052;"Chançay";42917;415;450;5,78;1,73;4,62;5,2;12,14;9,83;9,83;17,34;9,25;8,09;4,05;3,47;2,31;2,31;4,05;0;0;0;0;0;6,36;1,73;11,56;15,03;19,08;13,29;23,12;9,83;56,65;18,5;24,86;50,29;4,05;9,25;36,42;13,29;6,94;48,55;31,21;0;97,11;0;2,89;79,77;10,98;8,67;0,58
"52";37053;"Chanceaux-près-Loches";33493;57;52;4,35;0;0;8,7;4,35;17,39;8,7;4,35;8,7;13,04;8,7;4,35;13,04;4,35;0;0;0;0;0;0;0;4,35;13,04;8,7;26,09;0;43,48;4,35;56,52;26,09;17,39;43,48;0;4,35;52,17;8,7;0;39,13;52,17;0;100;0;0;56,52;43,48;0;0
"53";37054;"Chanceaux-sur-Choisille";26215;1330;1440;8,09;4,86;3,06;7,37;8,45;8,09;12,05;9,53;10,97;9,35;7,37;4,68;3,24;2,16;0,36;0,36;0;0;0;0;0,72;4,14;7,19;18,88;18,88;12,95;26,44;10,79;55,04;19,78;25,18;46,58;6,29;5,58;41,55;9,35;7,19;48,38;33,81;1,26;95,32;0;4,68;78,78;15,11;5,04;1,08
"54";37055;"Channay-sur-Lathan";51468;303;303;8,46;6,66;1,67;9,2;12,7;12,62;10,87;6,59;3,31;4,1;9,05;7,4;2,46;3,28;0,81;0,81;0;0;0;0;0;5,01;4,19;14,23;21,81;20,84;27,11;6,81;60,72;19,17;20,11;42,65;10,93;6,68;39,74;12,22;5,79;53,98;24,72;3,3;100;0;0;90,11;5,78;4,11;0
"55";37056;"La Chapelle-aux-Naux";46339;260;220;6,25;5,21;7,29;8,33;5,21;8,33;8,33;4,17;14,58;10,42;7,29;5,21;4,17;2,08;2,08;1,04;0;0;0;0;0;0;7,29;12,5;16,67;28,13;28,13;7,29;66,67;17,71;15,63;47,92;9,37;0;42,71;10,42;4,17;47,92;37,5;0;100;0;0;92,71;6,25;0;1,04
"56";37057;"La Chapelle-Blanche-Saint-Martin";38938;255;270;6,67;2,86;7,62;9,52;10,48;7,62;10,48;6,67;3,81;6,67;8,57;9,52;3,81;2,86;0,95;0,95;0,95;0;0;0;5,71;3,81;4,76;8,57;12,38;20,95;33,33;10,48;59,05;15,24;25,71;39,05;1,9;11,43;47,62;16,19;1,9;49,52;32,38;0;98,1;0;1,9;80;16,19;3,81;0
"57";37058;"La Chapelle-sur-Loire";25982;591;586;7,07;4,62;5,53;4,13;7,19;9,23;11,04;11,53;7,75;5,62;6,48;7,72;4,27;4,34;2,61;0,88;0;0;0;0;0;2,99;3,38;14,93;13,58;19,41;31,92;13,79;68,25;14,03;17,72;36,03;7,23;4,28;52,47;15,58;8,51;41,84;31,92;2,15;92,51;4,9;2,59;88,91;7,22;1,73;2,14
"58";37059;"Charentilly";31975;511;507;8,44;1,99;4,93;4,98;6,03;17,36;12,57;10,09;7,42;10,64;6,72;2,6;3,08;2,08;0,53;0,53;0;0;0;0;1,02;7,51;8,75;19,64;16,32;11,6;21,14;14,03;55,01;15,24;29,75;43,87;6,69;10,32;39,13;7,38;5,66;45,79;34,14;7,03;90,9;5,99;3,1;76,09;11,79;5,11;7,01
"59";37060;"Chargé";43903;497;490;5,81;3,11;2,55;8,29;9,94;14,29;8,78;6,61;6,5;8,54;11,04;3,01;6,02;2,47;1,52;1,51;0;0;0;0;0,53;5,68;7,24;14,55;14,45;16,55;32,11;8,88;60,2;16,47;23,32;45,56;3,06;8,32;43,07;8,33;3,04;53,5;32,12;3,01;100;0;0;90,74;7,18;2,08;0
"60";37061;"Charnizay";24432;190;210;3,75;5;6,25;6,25;1,25;5;3,75;15;10;10;7,5;3,75;7,5;8,75;5;1,25;0;0;0;0;8,75;5;5;3,75;18,75;13,75;38,75;6,25;77,5;13,75;8,75;30;7,5;12,5;50;16,25;2,5;41,25;35;5;100;0;0;85;10;0;5
"61";37062;"Château-la-Vallière";44890;668;839;7,7;4,67;7;5,01;8,01;8,02;6,01;7,34;5,33;6,66;8,32;7,99;4,32;2,99;7,65;2,32;0,66;0;0;0;0,33;3,67;1,67;11,67;17,36;14,35;37,92;13,03;74,33;15,67;10;25,7;8,35;4;61,95;16,62;4;34,79;34,63;9,96;82,71;7,96;9,32;59,66;21,03;7,34;11,96
"62";37063;"Château-Renault";38727;1961;2269;5,21;7,46;5,09;6,27;5,53;6,12;9,59;8,6;9,34;8,98;7,8;4,7;4,73;4,81;3,55;2,09;0,12;0;0;0;0,47;3,08;3,55;8,84;16,02;21,2;33,74;13,1;73,68;13,06;13,26;32,92;5,8;3,55;57,73;26,28;6,98;30,89;30,78;5,07;65,46;3,17;31,37;46,99;22,25;25,57;5,19
"63";37064;"Chaumussay";33903;110;100;11,9;0;0;9,52;7,14;2,38;4,76;7,14;4,76;16,67;14,29;4,76;2,38;14,29;0;0;0;0;0;0;2,38;4,76;4,76;4,76;11,9;9,52;45,24;16,67;57,14;9,52;33,33;21,43;4,76;11,9;61,9;16,67;16,67;28,57;38,1;0;97,62;0;2,38;95,24;4,76;0;0
"64";37065;"Chaveignes";46195;245;225;1,07;2,06;2,06;8,3;5,17;5,21;5,36;8,45;8,54;9,63;10,73;8,6;10,75;5,39;7,6;1,09;0;0;0;0;3,15;2,17;2,1;8,49;15,67;12,52;48,42;7,47;73,69;15,83;10,49;31,46;1,03;6,39;61,12;14,23;6,31;30,12;47,19;2,15;100;0;0;93,52;6,48;0;0
"65";37066;"Chédigny";28333;222;212;1,16;2,33;4,65;10,47;9,3;6,98;8,13;6,98;5,81;11,63;16,28;5,81;3,49;4,65;1,16;1,16;0;0;0;0;3,49;1,16;6,98;16,28;15,12;13,95;40,7;2,32;52,32;18,61;29,07;32,56;12,79;5,81;48,83;15,12;1,16;40,7;37,21;5,8;97,68;1,15;1,16;82,57;11,63;4,65;1,15
"66";37067;"Cheillé";34406;712;737;11,42;3,81;4,84;6,23;9;7,61;12,46;10,03;7,96;5,54;5,54;3,11;5,88;3,46;0,69;2,42;0;0;0;0;0,69;4,84;6,92;22,15;14,88;12,8;22,49;15,22;52,25;19,03;28,72;43,25;5,88;5,88;44,98;14,88;12,11;43,95;27,68;1,38;96,54;1,38;2,08;82,7;10,73;3,81;2,77
"67";37068;"Chemillé-sur-Dême";39539;280;260;2,78;3,7;5,56;14,81;12,04;8,33;8,33;10,19;1,85;6,48;2,78;1,85;6,48;6,48;6,48;1,85;0;0;0;0;1,85;5,56;6,48;15,74;20,37;12,96;26,85;10,19;63,89;18,52;17,59;39,81;5,56;9,26;45,37;17,59;4,63;40,74;31,48;5,56;96,3;3,7;0;62,96;18,52;8,33;10,19
"68";37069;"Chemillé-sur-Indrois";36910;75;104;5,26;0;0;7,89;7,89;5,26;10,53;7,89;5,26;15,79;7,89;2,63;2,63;7,89;7,89;5,26;0;0;0;0;2,63;7,89;5,26;15,79;7,89;7,89;39,47;13,16;50;13,16;36,84;21,05;5,26;15,79;57,89;21,05;5,26;36,84;36,84;0;100;0;0;78,95;18,42;0;2,63
"69";37070;"Chenonceaux";31018;145;145;5,17;0;1,72;8,62;6,9;5,17;12,07;3,45;15,52;12,07;12,07;1,72;8,62;5,17;0;1,72;0;0;0;0;0;5,17;3,45;10,34;10,34;20,69;41,38;8,62;70,69;8,62;20,69;32,76;3,45;3,45;60,34;17,24;3,45;44,83;34,48;0;96,55;0;3,45;89,66;8,62;0;1,72
"70";37071;"Chezelles";47082;50;65;4,35;4,35;4,35;0;0;13,04;4,35;21,74;21,74;4,35;13,04;0;4,35;0;0;4,35;0;0;0;0;0;0;4,35;17,39;13,04;17,39;30,43;17,39;60,87;4,35;34,78;34,78;4,35;0;60,87;13,04;0;47,83;34,78;4,35;95,65;4,35;0;91,3;4,35;0;4,35
"71";37072;"Chinon";34505;3274;3717;7,5;5,36;5,53;6,3;5,49;7,02;7,46;9,24;8,89;8,6;8,02;5,31;4,01;5,03;2,98;2,54;0,65;0,07;0;0;0,36;3,33;6,09;12,26;16,04;12,28;35,38;14,24;60,59;15,96;23,45;31,15;6,67;4,85;57,33;24,98;8,71;25,15;32,34;8,82;65,94;7,3;26,76;54,19;18,71;16,46;10,63
"72";37073;"Chisseaux";21583;267;246;3,06;5,1;5,06;5,1;11,23;6,13;9,19;9,19;8,17;8,17;14,29;2,04;3,06;3,06;6,13;1,02;0;0;0;0;0;1,02;7,15;13,27;17,36;20,42;33,69;7,1;53,04;18,38;28,58;42,88;7,15;2,04;47,93;22,46;1,02;34,71;40,84;0,97;99,03;0,97;0;79,63;7,15;10,21;3,02
"73";37074;"Chouzé-sur-Loire";43220;794;864;4,52;3,92;8,44;6,02;6,63;6,93;6,02;8,43;8,73;7,83;7,83;9,64;5,42;4,82;3,31;1,2;0,3;0;0;0;1,81;2,71;2,71;8,13;16,57;19,28;34,64;14,16;74,7;14,16;11,14;33,13;7,83;4,52;54,52;17,17;4,82;36,44;37,95;3,62;92,16;5,13;2,71;78,61;11,75;3,61;6,03
"74";37075;"Cigogné";42915;195;160;5,61;1,4;17,06;8,42;7,01;5,61;7,01;7,19;8,42;11,22;7,01;8,42;4,21;0;0;0;1,4;0;0;0;2,81;4,21;5,61;8,42;11,22;16,83;28,06;22,85;60,72;16,83;22,44;35,07;5,61;8,42;50,9;11,22;7,01;51,9;16,83;13,03;89,78;10,22;0;84,17;2,81;0;13,03
"75";37076;"Cinais";32578;204;174;9,16;5,26;3,95;3,95;3,95;11,78;10,52;14,49;14,5;2,64;9,23;2,64;5,28;0;2,64;0;0;0;0;0;1,32;9,22;6,58;13,15;11,85;21,03;21,1;15,75;71,06;9,2;19,73;36,84;7,89;13,17;42,1;14,55;3,94;39,32;42,19;0;97,36;0;2,64;71,08;13,16;14,44;1,32
"76";37077;"Cinq-Mars-la-Pile";20808;1298;1396;8,82;3,59;5,75;12,05;10,97;8,45;9,35;9,17;10,97;4,68;7,2;2,52;1,98;1,98;1,62;0,9;0;0;0;0;0;3,42;5,93;20,49;22,3;16,73;19,07;12,05;55,05;20,49;24,46;53,96;6,82;3,96;35,27;14,39;10,43;46,23;26,98;1,96;92,83;1,78;5,4;78,62;12,23;7,56;1,6
"77";37078;"Ciran";32016;160;150;4,84;3,23;3,23;11,29;11,29;14,52;8,06;8,06;6,45;14,52;8,06;4,84;1,61;0;0;0;0;0;0;0;6,45;1,61;0;17,74;12,9;22,58;27,42;11,29;70,97;14,52;14,52;38,71;6,45;8,06;46,77;17,74;14,52;38,71;25,81;3,23;96,77;3,23;0;77,42;9,68;9,68;3,23
"78";37079;"Civray-de-Touraine";21798;729;765;9,64;4,68;5,35;3,02;7,31;11,32;12,34;9,73;11,41;5,7;5,71;3,03;3,03;2,69;4,04;0,67;0,34;0;0;0;0,67;4,34;8,67;14,68;19,06;16,39;24,54;11,66;62,25;17,74;20,01;45,12;6,33;7;41,55;11,14;6,7;51,25;30,23;0,67;98,32;0,33;1,35;89,94;6,7;0;3,36
"79";37080;"Civray-sur-Esves";46467;74;84;3,13;0;6,25;0;0;9,38;15,63;21,88;9,38;15,63;3,13;3,13;3,13;3,13;3,13;3,13;0;0;0;0;3,13;0;15,63;9,38;9,38;21,88;31,25;9,38;71,88;15,63;12,5;50;3,13;3,13;43,75;15,63;0;34,38;50;0;100;0;0;84,38;12,5;0;3,13
"80";37081;"Cléré-les-Pins";21619;594;502;7,2;5;8,2;10,73;10,72;11,8;10,47;8,26;9,65;6,45;4,15;0,46;3,68;3,25;0;0;0;0;0;0;0,93;5,94;5;15,47;24,74;20,05;15,23;12,65;62,78;17,7;19,52;50,34;8,09;7,76;33,81;13,05;4,9;45,41;33,88;2,75;94,93;0;5,07;74,63;13,04;10,03;2,31
"81";37082;"Continvoir";19587;179;189;6,49;1,33;1,26;6,6;1,3;6,59;8,14;13,47;6,87;6,91;12,24;6,8;5,51;8,24;6,84;1,4;0;0;0;0;1,4;2,6;4,21;6,63;10,73;17,19;47,95;9,29;82,39;9,3;8,32;22,76;10,6;4;62,64;19,66;6,73;38,05;35,56;0;100;0;0;86,25;9,54;1,4;2,81
"82";37083;"Cormery";24635;692;744;6,57;5,53;4,15;11,06;6,22;10,02;10,72;6,57;6,22;6,22;4,49;7,95;4,88;4,28;2,46;1,52;0,39;0,39;0,35;0;0;3,8;4,49;19,01;19,01;14,17;28,44;11,06;52,42;24,08;23,5;46,32;5,18;4,5;44;14,17;6,22;41,14;33,87;4,59;83,65;4,6;11,75;72,24;17,63;3,46;6,67
"83";37084;"Couesmes";50680;215;199;10,81;6,62;7,72;5,52;6,62;6,62;13,02;8,84;13,25;4,42;5,52;1,1;4,42;1,1;0;4,42;0;0;0;0;3,31;8,82;2,21;10,81;16,55;17,66;19,88;20,75;75,95;16,33;7,72;37,3;3,31;16,55;42,84;13,27;1,77;43;37,55;4,42;98,89;0;1,11;68,42;24,95;1,11;5,52
"84";37085;"Courçay";53600;355;370;9,54;4,77;4,83;6,88;6,14;4,77;13,68;11,07;12,53;12,5;4,2;1,4;2,8;2,11;2,08;0,7;0;0;0;0;2,08;2,74;5,48;21,3;22,74;13,8;21,61;10,24;55,93;18,6;25,46;45,43;6,86;6,88;40,84;11,31;6,24;54,56;27,9;0;99,3;0;0,7;90,26;4,91;3,43;1,39
"85";37086;"Courcelles-de-Touraine";17271;190;180;9,46;2,7;10,81;2,7;5,41;17,57;6,76;8,11;8,11;4,05;10,81;2,7;4,05;2,7;2,7;0;1,35;0;0;0;2,7;4,05;8,11;12,16;22,97;17,57;22,97;9,46;74,32;13,51;12,16;36,49;17,57;10,81;35,14;10,81;4,05;56,76;27,03;1,35;98,65;1,35;0;85,14;10,81;1,35;2,7
"86";37087;"Courcoué";34170;100;111;10;0;0;5;10;5;12,5;10;2,5;12,5;20;2,5;0;5;2,5;0;2,5;0;0;0;15;2,5;5;5;10;12,5;40;10;60;15;25;22,5;2,5;17,5;57,5;17,5;5;32,5;45;0;97,5;0;2,5;90;7,5;2,5;0
"87";37088;"Couziers";46211;47;42;0;0;5,88;11,76;23,53;11,76;0;5,88;5,88;5,88;11,76;0;5,88;11,76;0;0;0;0;0;0;0;11,76;11,76;17,65;5,88;11,76;35,29;5,88;47,06;23,53;29,41;41,18;0;5,88;52,94;17,65;0;35,29;47,06;0;100;0;0;70,59;29,41;0;0
"88";37089;"Cravant-les-Côteaux";41943;300;295;5,98;3,42;5,98;5,13;4,27;5,98;6,84;14,53;11,11;8,55;11,97;3,42;3,42;2,56;5,13;0,85;0,85;0;0;0;4,27;1,71;1,71;14,53;17,95;18,8;34,19;6,84;66,67;19,66;13,68;37,61;11,11;5,13;46,15;17,09;11,11;23,93;46,15;1,71;99,15;0;0,85;80,34;9,4;7,69;2,56
"89";37090;"Crissay-sur-Manse";41562;51;33;5,56;5,56;5,56;0;16,67;5,56;5,56;16,67;11,11;5,56;5,56;5,56;5,56;0;5,56;0;0;0;0;0;22,22;11,11;11,11;5,56;5,56;5,56;27,78;11,11;27,78;38,89;33,33;5,56;16,67;38,89;38,89;22,22;0;33,33;44,44;0;100;0;0;100;0;0;0
"90";37091;"La Croix-en-Touraine";37413;930;955;6,36;4,3;5,57;5,57;6,84;8,35;6,58;9,11;8,86;10,12;10,38;9,11;4,3;2,53;1,27;0,51;0,25;0;0;0;0;4,05;5,57;13,67;19,23;14,17;34,67;8,65;56,98;15,44;27,58;38,46;7,09;5,57;48,88;13,41;4,56;42,01;38,97;1,05;96,92;1,31;1,77;86,55;7,59;3,8;2,07
"91";37092;"Crotelles";19700;255;255;6,8;7,87;5,91;11,66;7,73;11,78;6,82;11,67;9,9;1,98;1,98;7,96;1,99;3,96;1,98;0;0;0;0;0;0,99;1,98;8,77;26,38;18,6;15,65;20,86;6,78;50,16;26,51;23,33;55,65;8,81;3,96;31,58;8,03;6,92;50,38;33,69;0,98;97,04;0,98;1,98;75,45;17,77;5,8;0,98
"92";37093;"Crouzilles";31622;222;233;7,95;3,41;7,95;4,55;4,55;5,68;11,36;9,09;12,5;6,82;5,68;5,68;5,68;2,27;2,27;2,27;2,27;0;0;0;3,41;6,82;3,41;9,09;15,91;28,41;27,27;5,68;71,59;18,18;10,23;37,5;9,09;11,36;42,05;20,45;5,68;32,95;40,91;0;100;0;0;88,64;9,09;2,27;0
"93";37094;"Cussay";46266;255;240;5,05;3,03;8,08;8,08;7,07;4,04;6,06;5,05;19,19;11,11;12,12;2,02;4,04;2,02;2,02;1,01;0;0;0;0;3,03;8,08;1,01;15,15;18,18;16,16;28,28;10,1;75,76;14,14;10,1;38,38;7,07;11,11;43,43;11,11;4,04;40,4;40,4;4,04;97,98;2,02;0;85,86;10,1;2,02;2,02
"94";37095;"Dame-Marie-les-Bois";51414;143;144;11,16;0;7,02;12,56;20,2;3,67;5,38;7,18;8,93;0;13,34;3,51;1,76;3,47;0;1,83;0;0;0;0;0;0;10,76;21,49;5,46;21,69;23,91;16,69;60,49;16,42;23,09;39,23;5,66;3,59;51,52;8,59;9,13;51,4;30,89;0;96,26;0;3,74;83,62;9,36;7,02;0
"95";37096;"Dierre";38933;269;225;10,89;0,99;2,97;8,91;11,88;8,91;9,9;11,88;8,91;6,93;6,93;4,95;0,99;1,98;0;2,97;0;0;0;0;1,98;3,96;6,93;16,83;14,85;22,77;22,77;9,9;57,43;15,84;26,73;48,51;3,96;6,93;40,59;12,87;0,99;56,44;29,7;0;100;0;0;90,1;7,92;0;1,98
"96";37097;"Dolus-le-Sec";39087;279;249;9,43;3,77;9,43;5,66;14,15;10,38;15,09;12,26;8,49;3,77;3,77;1,89;1,89;0;0;0;0;0;0;0;0,94;4,72;10,38;25,47;19,81;16,04;10,38;12,26;44,34;15,09;40,57;61,32;2,83;7,55;28,3;11,32;8,49;55,66;22,64;1,89;98,11;0;1,89;88,68;10,38;0,94;0
"97";37098;"Draché";46000;325;280;14,05;4,13;4,13;5,79;8,26;9,09;13,22;9,92;9,09;5,79;4,96;2,48;6,61;0,83;1,65;0;0;0;0;0;4,13;5,79;8,26;14,05;16,53;18,18;19,01;14,05;64,46;18,18;17,36;39,67;7,44;12,4;40,5;12,4;12,4;47,93;23,14;4,13;98,35;0;1,65;79,34;12,4;8,26;0
"98";37099;"Druye";47116;350;400;5,95;1,98;7,05;8,59;11,23;7,93;9,91;8,59;11,67;9,25;4,62;5,07;3,3;1,77;2,21;0,44;0,44;0;0;0;2,64;5,28;5,28;21,8;17,17;15,85;21,82;10,14;54,64;15,19;30,17;53,51;3,3;9,25;33,94;8,59;9,91;42,28;35,67;3,56;96,44;3,56;0;88,51;7,93;0;3,56
"99";37100;"Épeigné-les-Bois";36315;191;175;4,35;1,45;8,7;4,35;5,8;14,49;8,7;5,8;1,45;5,8;10,14;5,8;10,14;7,25;4,35;1,45;0;0;0;0;5,8;5,8;5,8;13,04;7,25;15,94;39,13;7,25;62,32;17,39;20,29;23,19;8,7;13,04;55,07;18,84;0;49,28;31,88;0;100;0;0;72,46;4,35;8,7;14,49
"100";37101;"Épeigné-sur-Dême";43400;83;67;13,79;3,45;6,9;3,45;0;3,45;17,24;13,79;10,34;0;6,9;10,34;3,45;3,45;3,45;0;0;0;0;0;10,34;0;6,9;13,79;13,79;17,24;27,59;10,34;51,72;20,69;27,59;44,83;3,45;10,34;41,38;17,24;0;48,28;34,48;0;100;0;0;100;0;0;0
"101";37103;"Esves-le-Moutier";29788;67;62;4;8;4;4;0;4;8;4;8;8;0;12;16;16;4;0;0;0;0;0;4;8;4;4;12;8;56;4;68;16;16;20;0;12;68;16;12;32;40;0;100;0;0;100;0;0;0
"102";37104;"Esvres";23052;2268;2330;6,39;4,35;6,24;9,38;7,6;11,41;8,47;7,13;8,99;9,09;8,1;4,43;3,77;2,88;1,44;0,33;0;0;0;0;0,11;4,13;9,6;20,74;15,51;12,01;27,38;10,52;50,61;17,82;31,58;47,39;3,79;6,14;42,67;11,37;3,78;47,19;33,08;4,58;90,21;4,35;5,43;77,85;9,58;7,56;5,02
"103";37105;"Faye-la-Vineuse";29479;105;100;4,88;0;0;2,44;2,44;7,32;17,07;7,32;9,76;9,76;4,88;7,32;7,32;9,76;9,76;0;0;0;0;0;4,88;14,63;7,32;7,32;9,76;7,32;43,9;4,88;56,1;24,39;19,51;26,83;2,44;19,51;51,22;24,39;2,44;24,39;43,9;4,88;100;0;0;85,37;9,76;0;4,88
"104";37106;"La Ferrière";21251;124;124;6;6;2;4;4;16;14;16;10;4;8;4;6;0;0;0;0;0;0;0;2;10;16;16;12;8;22;14;52;14;34;38;6;14;42;12;8;52;28;0;100;0;0;92;8;0;0
"105";37107;"Ferrière-Larçon";39911;101;116;2,33;4,65;2,33;2,33;4,65;4,65;11,63;6,98;6,98;18,6;11,63;9,3;2,33;2,33;4,65;4,65;0;0;0;0;6,98;2,33;0;9,3;18,6;11,63;48,84;2,33;79,07;13,95;6,98;20,93;4,65;9,3;65,12;30,23;9,3;23,26;37,21;0;100;0;0;74,42;18,6;4,65;2,33
"106";37108;"Ferrière-sur-Beaulieu";32611;266;321;4,91;1,73;7,68;4,19;4,97;8,34;9,21;7,79;12,18;9,41;6,97;7,82;9,56;1,72;2,66;0,87;0;0;0;0;1,73;4,24;5,13;11,78;16,06;14,54;39,06;7,46;65,17;16,27;18,55;37,3;5,07;5,98;51,65;12,4;11,18;40,07;34,68;1,66;96,53;0;3,47;76,79;9,3;13,91;0
"107";37109;"Fondettes";19922;4131;4461;8,73;4,4;4,16;5,32;6,19;9,11;8,88;8,99;8,27;8,75;9,2;6,16;4,12;4,03;2,21;1,4;0,07;0,04;0;0;0,1;4,34;13,44;16,17;12,76;7,38;32,86;12,94;44,34;19,28;36,38;37,94;4,57;7,14;50,35;11,31;6,97;42,66;35,42;3,64;88,67;2,51;8,82;76,15;13,63;6,55;3,67
"108";37110;"Francueil";35105;554;574;6,66;2,67;3,57;5,34;9,32;8,47;12,03;10,27;7,62;7,16;5,37;6,28;5,37;5,83;2,24;1,8;0;0;0;0;0,45;4,46;3,57;15,14;17,83;18,73;30,92;8,9;63,86;16,53;19,6;43,69;3,56;6,24;46,5;9,45;4,46;43,98;41,21;0,9;99,11;0;0,89;89,27;9,38;0;1,35
"109";37111;"Genillé";27239;559;724;8,03;1,54;2,33;3,88;7,28;7,26;9,32;8,59;9,42;12,91;8,23;7,84;5,49;4,33;2,38;1,18;0;0;0;0;0,79;6,23;6,21;10,47;13,91;12,77;37,29;12,33;63,96;20,52;15,52;30,19;3,07;9,74;57;19,81;13,56;29,09;35,23;2,31;96,5;0,4;3,11;79,37;11,23;7,06;2,34
"110";37112;"Gizeux";48742;173;205;5,56;5,56;5,56;1,39;5,56;2,78;8,33;6,94;9,72;8,33;13,89;11,11;6,94;4,17;4,17;0;0;0;0;0;4,17;5,56;2,78;6,94;16,67;11,11;43,06;9,72;69,44;15,28;15,28;23,61;8,33;8,33;59,72;22,22;5,56;30,56;41,67;0;100;0;0;73,61;12,5;8,33;5,56
"111";37113;"Le Grand-Pressigny";23877;387;429;4,86;4,87;7,94;6,09;4,87;7,31;7,92;11,59;7,34;6,74;6,72;3,67;6,13;5,51;6;1,83;0,61;0;0;0;1,22;9,15;6,1;7,32;12,8;15,25;36,6;11,57;66,46;12,81;20,73;29,88;5,48;10,98;53,65;19,51;6,72;34,64;35,47;3,67;97,55;0;2,45;76,77;12,22;7,96;3,05
"112";37114;"La Guerche";51280;90;85;8,57;0;5,71;2,86;0;8,57;11,43;8,57;14,29;5,71;2,86;14,29;5,71;2,86;8,57;0;0;0;0;0;2,86;5,71;0;2,86;14,29;22,86;40;11,43;65,71;11,43;22,86;31,43;5,71;8,57;54,29;25,71;0;34,29;34,29;5,71;97,14;0;2,86;91,43;8,57;0;0
"113";37115;"Descartes";28676;1513;1586;5,44;4,68;4,63;4,95;4,26;5,94;7,38;10,12;7,08;9,87;10,36;7,92;8,3;4,98;3,11;0,99;0;0;0;0;0,33;2,83;1,76;9,43;15,2;17,46;42,1;10,89;76,16;13,82;10,02;30,28;4,44;3,65;61,63;24,49;8,9;25,75;39,08;1,77;85,17;1,62;13,21;66,77;19,79;9,95;3,5
"114";37116;"Les Hermites";38431;254;209;7,71;6,59;5,51;2,2;9,85;12,03;11,01;14,27;12,11;5,51;6,61;1,1;4,4;0;1,1;0;0;0;0;0;6,61;3,3;5,51;15,42;17,62;16,52;17,62;17,41;63,66;11,01;25,33;45,15;4,4;11,01;39,44;18,72;14,32;25,33;26,43;15,21;88,09;10,81;1,1;72,68;11,01;1,1;15,21
"115";37117;"Hommes";45989;346;351;10,08;4,35;7,67;12,74;11,54;8,7;10,87;2,92;5,84;6,57;4,37;2,92;4,24;4,98;2,2;0;0;0;0;0;2,91;5,08;2,9;14,21;17,24;20,86;22,37;14,43;69,12;15,64;15,23;39,54;7,11;7,99;45,36;13,23;2,92;50,16;31,54;2,15;94,88;1,46;3,66;81,11;11,64;3,64;3,62
"116";37118;"Huismes";54423;640;603;4,64;1,69;8;8,44;6,33;5,91;7,6;8,02;12,66;10,97;6,75;8,02;5,91;2,53;1,27;0,84;0,42;0;0;0;2,11;2,95;4,64;20,68;10,13;14,77;36,29;8,42;56,95;17,3;25,74;41,36;2,95;5,91;49,78;18,15;7,6;41,78;32,07;0,4;99,6;0,4;0;87,78;8,86;2,95;0,4
"117";37119;"L'Île-Bouchard";22062;555;783;4,58;4,2;3,43;4,58;2,29;5,72;6,87;9,16;6,87;11,07;7,88;7,63;3,4;7,6;9,86;2,27;2,21;0,37;0;0;0,38;2,67;5,34;9,03;12,98;11,45;47,47;10,69;73,43;11,05;15,51;25,06;7,63;4,58;62,73;25,95;8,01;24,43;34,35;7,26;76,33;5,73;17,94;58,77;17,56;14,12;9,55
"118";37121;"Jaulnay";31863;103;117;14,27;2,27;7,09;2,32;9,36;4,73;13,89;13,9;7,41;2,27;11,25;2,22;4,49;0;2,27;2,27;0;0;0;0;2,32;6,95;4,63;2,82;25,62;18,77;24,77;14,13;69,61;21,13;9,26;33,12;7,09;9,26;50,53;11,12;4,82;47,31;36,3;0,45;95,01;4,99;0;76,67;18,34;0;4,99
"119";37122;"Joué-lès-Tours";31937;14142;16422;7,33;7,74;7,57;7,05;7,2;7,48;7,24;6,6;6,77;8,27;8,18;5,58;4,77;4,1;2,49;1,25;0,3;0,07;0,01;0;0,07;2;6,54;13,79;17,65;12,54;31,86;15,54;55,04;19,51;25,45;34,81;7,54;2,91;54,74;21,91;10,1;33,35;29,88;4,77;51,25;2,9;45,85;54,96;17,6;22,19;5,26
"120";37123;"Langeais";32591;1691;1981;6,01;6,01;7,52;7,79;8,74;9,97;8,74;6,97;7,51;7,79;6,7;5,33;3,82;3,96;0,82;1,77;0,55;0;0;0;0,68;2,87;6,69;15,85;16,94;18,44;27,73;10,79;62,7;13,12;24,18;42,9;7,38;4,37;45,35;17,76;7,65;37,16;31,97;5,46;84,84;2,86;12,3;63,39;16,26;15,44;4,91
"121";37124;"Larçay";31745;975;1024;8,33;3,92;3,92;6,86;6,62;9,56;10,29;10,05;5,88;11,27;9,07;6,62;4,41;1,72;1,47;0;0;0;0;0;0,25;2,94;12,75;19,85;14,95;7,11;28,43;13,73;43,87;22,55;33,58;43,87;4,66;6,62;44,85;10,78;5,64;43,38;39,22;0,98;96,08;0;3,92;80,88;7,35;9,07;2,7
"122";37125;"Lémeré";17546;190;205;6,33;5,06;6,33;7,59;5,06;11,39;7,59;10,13;10,13;8,86;10,13;2,53;1,27;3,8;2,53;1,27;0;0;0;0;0;2,53;3,8;11,39;21,52;17,72;29,11;13,92;63,29;13,92;22,78;43,04;7,59;3,8;45,57;8,86;3,8;46,84;35,44;5,06;100;0;0;70,89;20,25;8,86;0
"123";37126;"Lerné";20744;165;125;3,38;12,07;10,27;8,49;8,6;5,14;3,42;1,73;17,39;3,44;8,69;8,66;5,22;1,73;1,75;0;0;0;0;0;3,44;3,47;3,47;17,12;18,98;20,54;27,81;5,18;51,8;20,65;27,56;32,69;5,2;5,16;56,95;21,05;8,6;25,46;34,66;10,23;89,52;0;10,48;53,49;29,14;15,62;1,75
"124";37127;"Le Liège";43485;160;160;9,37;1,56;10,94;6,25;12,51;10,94;10,94;9,37;9,37;1,56;4,69;4,69;3,12;1,56;0;3,12;0;0;0;0;4,69;1,56;0;12,49;28,14;18,75;21,87;12,5;70,31;14,06;15,62;40,63;6,25;7,81;45,31;15,62;6,25;37,48;18,74;21,91;79,65;17,23;3,12;60,91;15,62;4,69;18,79
"125";37128;"Lignières-de-Touraine";29409;503;523;6,36;3,43;5,88;9,31;8,81;10,78;5,88;9,31;10,8;6,87;5,4;5,89;3,92;3,93;2,45;0,49;0,49;0;0;0;1,47;2,45;2,94;15,19;16,17;23,03;29,45;9,31;64,72;19,6;15,68;46,05;7,35;3,92;42,68;12,78;5,88;45,02;31,41;4,9;98,04;0,98;0,98;81,37;15,69;1,47;1,47
"126";37129;"Ligré";35210;458;474;4,86;5,95;7,03;8,65;4,32;2,7;8,11;3,78;8,65;11,35;12,43;10,27;4,32;3,24;3,78;0,54;0;0;0;0;0,54;3,24;2,7;10,81;15,14;13,51;42,7;11,35;62,16;16,22;21,62;32,43;4,86;4,86;57,84;12,43;4,86;37,3;45,41;0;98,92;0;1,08;81,62;15,68;2,16;0,54
"127";37130;"Ligueil";28189;835;1074;4,26;4,13;3,88;5,57;6,35;5,75;6,67;6,18;9,92;7,86;8,42;6,3;7,85;8,95;5;1,58;1,32;0;0;0;2,35;3,86;4,1;7,67;14,37;10,49;44,66;12,51;74,84;11,04;14,12;26,42;4,55;7,73;61,3;17,36;4,37;26,46;37,67;14,14;79,82;13,62;6,56;58,37;15,13;10,79;15,71
"128";37131;"Limeray";23060;457;542;5,56;5,03;6,05;5,54;9,09;10,58;8,05;8,53;9,03;8,51;4,51;4,51;5,01;6,01;2;1;1;0;0;0;1,01;4,53;4,54;11,57;16,6;17,09;31,04;13,62;61,74;20,13;18,14;43,27;2,01;5,03;49,69;14,96;6,53;50,47;26,04;2;95,99;0;4,01;82,92;14,58;1;1,5
"129";37132;"Loches";53147;2425;3084;7,27;4,81;6,52;5,13;4,4;6,28;6,23;8,69;8,1;8,1;6,65;5,2;6,74;5,93;5,02;4,28;0,46;0,18;0;0;0,36;2,88;5,06;10,86;14,35;13,58;39,92;12,98;66,95;13,68;19,37;27,4;7,06;4,78;60,77;28,1;9,65;21,84;31,26;9,16;67,31;7,71;24,97;48,73;21,71;18,66;10,89
"130";37133;"Loché-sur-Indrois";34575;229;217;5;5;6,25;2,5;5;10;7,5;2,5;12,5;6,25;13,75;8,75;7,5;5;2,5;0;0;0;0;0;12,5;1,25;3,75;5;15;15;36,25;11,25;58,75;16,25;25;22,5;10;15;52,5;20;11,25;33,75;35;0;96,25;0;3,75;81,25;11,25;5;2,5
"131";37134;"Louans";38874;269;230;5,75;7,89;9,04;6,94;7,86;7,89;10,78;6,16;8,02;7,12;4,06;4,11;4,06;5,16;3,09;2,07;0;0;0;0;1,02;0;5;17,06;20,53;22,98;26,58;6,82;59,19;19,59;21,22;51,78;5,85;2,04;40,33;12,58;10,98;41,72;32,68;2,04;96,96;0;3,04;86,92;10,09;0;2,99
"132";37136;"Le Louroux";18813;198;188;5,13;2,56;8,97;10,26;12,82;10,26;5,13;8,97;8,97;5,13;7,69;5,13;3,85;3,85;1,28;0;0;0;0;0;1,28;5,13;11,54;19,23;23,08;10,26;21,79;7,69;50;24,36;25,64;57,69;1,28;7,69;33,33;15,38;1,28;50;30,77;2,56;100;0;0;89,74;7,69;0;2,56
"133";37137;"Lublé";34386;50;60;0;0;0;13,64;4,55;18,18;0;18,18;0;9,09;18,18;0;0;9,09;4,55;4,55;0;0;0;0;4,55;0;0;9,09;27,27;9,09;45,45;4,55;72,73;13,64;13,64;40,91;0;4,55;54,55;27,27;0;36,36;36,36;0;100;0;0;81,82;18,18;0;0
"134";37138;"Lussault-sur-Loire";32870;333;318;4,75;7,09;3,96;5,66;3,15;11,79;8,72;10,99;11,4;11,47;6,57;4,09;3,28;5,42;1,65;0;0;0;0;0;0;5,61;9,52;12,06;11,25;22,93;29,17;9,46;62,68;16,68;20,63;38,35;8,64;7,23;45,78;13,15;8,09;38,31;38,9;1,55;95,2;0;4,8;88,01;11,33;0,67;0
"135";37139;"Luynes";21608;1951;2265;8,64;5,88;4,13;7,11;5,7;9,1;10,44;9,23;6,82;7,88;7,08;5,45;3,47;2,95;3,49;2,03;0,59;0;0;0;0,71;2,71;8,96;18;17,33;10,25;28,81;13,24;49,07;17,6;33,33;40,81;6,48;5,33;47,38;12,5;3,91;44,38;29,96;9,25;81,22;8,31;10,47;69,25;7,84;12,81;10,1
"136";37140;"Luzé";29189;100;110;4,76;0;2,38;2,38;2,38;19,05;9,52;14,29;9,52;4,76;7,14;7,14;7,14;7,14;2,38;0;0;0;0;0;2,38;7,14;9,52;7,14;4,76;16,67;35,71;16,67;59,52;19,05;21,43;26,19;4,76;11,9;57,14;16,67;14,29;33,33;33,33;2,38;97,62;2,38;0;76,19;21,43;0;2,38
"137";37141;"Luzillé";52510;416;377;5,02;6,94;8,22;10,75;7,57;7,56;6,94;9,49;9,53;7,62;5,72;5,08;4,46;3,18;1,28;0;0,64;0;0;0;1,9;8,23;4,42;15,8;15,82;19,6;24,14;10,08;65,88;17,7;16,43;40,48;4,41;12,03;43,08;13,41;5,69;45,33;31,77;3,8;98,73;0;1,27;85,42;14,58;0;0
"138";37142;"Maillé";36361;245;225;4,26;2,13;1,06;5,32;6,38;10,64;11,7;7,45;5,32;15,96;9,57;2,13;4,26;9,57;2,13;2,13;0;0;0;0;4,26;1,06;5,32;7,45;18,09;14,89;44,68;4,26;72,34;12,77;14,89;34,04;7,45;5,32;53,19;18,09;12,77;24,47;42,55;2,13;94,68;0;5,32;74,47;13,83;9,57;2,13
"139";37143;"Manthelan";17361;570;510;6,94;2,78;6,02;7,87;6,02;9,72;8,33;9,26;6,94;7,87;6,02;5,09;6,02;6,94;2,31;1,39;0,46;0;0;0;2,78;3,7;2,78;10,19;16,67;20,83;32,87;10,19;72,69;11,11;16,2;40,28;6,48;6,48;46,76;15,74;5,09;43,98;35,19;0;99,07;0;0,93;80,09;12,96;5,56;1,39
"140";37144;"Marçay";20001;192;217;8,43;6,02;7,23;6,02;6,02;10,84;7,23;3,61;10,84;4,82;12,05;6,02;2,41;4,82;3,61;0;0;0;0;0;7,23;2,41;8,43;9,64;20,48;7,23;30,12;14,46;55,42;20,48;24,1;36,14;3,61;13,25;46,99;10,84;3,61;49,4;36,14;0;100;0;0;85,54;14,46;0;0
"141";37145;"Marcé-sur-Esves";31288;90;110;10;2,5;2,5;10;5;7,5;10;7,5;5;2,5;10;7,5;7,5;5;2,5;5;0;0;0;0;2,5;2,5;7,5;20;10;5;40;12,5;75;2,5;22,5;32,5;2,5;5;60;15;5;55;20;5;100;0;0;85;5;10;0
"142";37146;"Marcilly-sur-Maulne";25258;79;108;5,35;2,67;5,35;2,67;15,51;12,83;2,67;5,35;16,04;2,67;7,49;5,35;5,35;5,35;2,67;2,67;0;0;0;0;10,7;5,35;14,97;2,67;16,04;2,67;34,22;13,37;60,43;16,04;23,53;18,18;5,35;20,86;55,61;18,18;5,35;34,76;26,74;14,97;92,51;0;7,49;65,78;24,06;10,16;0
"143";37147;"Marcilly-sur-Vienne";44028;230;221;6,52;5,43;1,09;3,26;6,52;6,52;3,26;9,78;10,87;9,78;14,13;4,35;7,61;6,52;2,17;1,09;1,09;0;0;0;3,26;3,26;1,09;10,87;14,13;13,04;44,57;9,78;81,52;14,13;4,35;34,78;2,17;6,52;56,52;14,13;5,43;36,96;43,48;0;100;0;0;94,57;4,35;1,09;0
"144";37148;"Marigny-Marmande";41122;242;212;5,43;2,17;7,61;8,7;7,61;4,35;2,17;9,78;7,61;5,43;8,7;8,7;6,52;4,35;4,35;4,35;2,17;0;0;0;5,43;3,26;1,09;8,7;15,22;15,22;43,48;7,61;69,57;16,3;14,13;27,17;6,52;8,7;57,61;22,83;5,43;27,17;39,13;5,43;95,65;4,35;0;76,09;19,57;4,35;0
"145";37149;"Marray";53145;174;189;6,67;1,33;8;13,33;12;8;2,67;9,33;13,33;13,33;2,67;2,67;1,33;2,67;1,33;0;1,33;0;0;0;0;5,33;12;18,67;21,33;10,67;18,67;13,33;53,33;17,33;29,33;52;6,67;4;37,33;14,67;8;53,33;24;0;93,33;2,67;4;89,33;9,33;1,33;0
"146";37150;"Mazières-de-Touraine";22019;500;533;6,11;6,39;4,39;11,64;9,59;11,55;7,3;6,91;8,5;10,02;7,96;2,04;1,02;3,05;3,53;0;0;0;0;0;1;2,45;7,26;17,09;20,54;15,93;25,1;10,63;56,05;16,15;27,8;43,68;10,78;4,44;41,1;11,31;3,01;51,64;32,06;1,98;97,48;0;2,52;80,94;6,76;10,32;1,98
"147";37151;"La Membrolle-sur-Choisille";42476;1459;1384;6,11;4,09;3,05;5,27;8,62;9,47;8,96;7,46;9,82;7,2;9,75;6,31;6,49;3,73;1,97;1,5;0,19;0;0;0;0,37;2,86;8,27;18,35;11,47;8,02;34,83;15,82;48,96;18,06;32,98;35,99;3,58;4,74;55,69;9,87;6,09;37;33,41;13,64;81,87;12,49;5,64;71,65;7,55;5,08;15,71
"148";37152;"Mettray";34820;756;872;7,19;5,44;5,16;3,93;6,23;10,15;8,15;13,48;12,44;9,87;5,04;4,71;2,82;3,44;1,6;0,32;0;0;0;0;0,63;4,18;10,32;21,48;14,65;11,88;26,21;10,65;52,54;21,22;26,24;45,48;7,31;5,43;41,78;11,59;6,32;41,04;39,18;1,87;88,69;1,24;10,07;79,18;5,51;12,51;2,8
"149";37153;"Monnaie";33575;1568;1769;6,95;4,14;6,21;8,13;11,23;10,93;7,54;9,31;8,27;8,57;5,76;5,17;1,92;3,09;1,61;1,02;0,15;0;0;0;1,03;4,14;7,54;20,69;19,8;13;22,87;10,93;52,87;22,6;24,53;51,42;5,17;5,91;37,5;11,53;4,73;49,94;28,96;4,84;89,4;2,33;8,27;75,36;11,97;6,65;6,02
"150";37154;"Montbazon";44904;1634;1746;7,71;7,04;3,78;4,49;8,65;9,9;11,5;8,09;8,49;8,39;7,13;4,1;3,38;3,53;2,75;0,77;0,16;0,15;0;0;0,15;3,89;9,41;18,2;17,27;11,73;27,6;11,75;52,74;19,55;27,71;45,35;4,52;5,7;44,42;11,91;8,59;43;35,29;1,21;87,81;0,3;11,9;74,97;15,53;7,41;2,09
"151";37155;"Monthodon";49237;269;225;8,91;2,97;6,93;6,93;5,94;8,91;16,83;9,9;9,9;7,92;7,92;0;1,98;3,96;0,99;0;0;0;0;0;4,95;4,95;11,88;12,87;19,8;20,79;17,82;6,93;57,43;19,8;22,77;47,52;8,91;9,9;33,66;15,84;8,91;45,54;27,72;1,98;100;0;0;87,13;10,89;1,98;0
"152";37156;"Montlouis-sur-Loire";39476;4064;4505;7,84;4,58;5,44;6,49;7,36;9,11;8,6;7,8;8,94;7,76;8,14;4,92;4,81;3,26;2,69;1,85;0,36;0,06;0;0;0,28;2,85;9,09;16,69;15,35;10,93;32,01;12,8;54,29;17,27;28,44;42,04;4,34;4,58;49,05;14,29;6,41;41,89;33,32;4,08;84,48;3,56;11,96;70,63;12,29;13,11;3,97
"153";37157;"Montrésor";29581;134;164;3,39;3,39;5,02;8,46;3,47;1,7;5,07;8,36;11,42;19,76;4,99;4,99;6,67;8,27;5,04;0;0;0;0;0;1,67;1,67;3,42;18,26;10,08;11,4;38,3;15,2;51,87;19,96;28,17;26,83;3,42;5,09;64,66;23,08;6,76;20,66;42,81;6,69;96,68;0;3,32;61,48;18,52;11,71;8,29
"154";37158;"Montreuil-en-Touraine";53596;335;315;12,99;3,06;6,17;9,95;10,69;7,67;8,44;9,22;7,73;9,31;7,76;2,33;1,56;2,34;0,77;0;0;0;0;0;2,31;3,06;6,14;17,69;13,01;16,87;23,29;17,64;60,79;17,66;21,55;41,45;7,66;6,14;44,75;10,93;7,66;48,89;29,44;3,07;95,38;3,07;1,55;83,88;10,72;2,33;3,07
"155";37159;"Monts";38081;2931;3217;7,34;4,57;5,28;6,95;7,61;9,77;10,24;9,69;9,63;7,28;6,32;5,26;4,36;2,77;1,74;1,08;0,08;0;0;0;0,31;2,06;8,02;21,63;18,1;12,76;26,5;10,62;56,04;18,38;25,58;50,88;5,13;3,01;40,97;10,71;6,12;46,82;33,22;3,12;88,53;1,96;9,51;79,09;9,69;8,27;2,95
"156";37160;"Morand";26262;124;134;8;4;2;6;4;14;12;6;18;4;14;2;2;2;0;2;0;0;0;0;0;2;6;24;14;22;26;6;66;12;22;56;6;2;36;10;4;46;40;0;100;0;0;90;8;2;0
"157";37161;"Mosnes";44568;300;380;6,62;5,88;8,09;6,62;13,24;5,88;6,62;7,35;9,56;8,82;7,35;5,88;0,74;4,41;2,94;0;0;0;0;0;0,74;6,62;5,15;16,91;21,32;10,29;29,41;9,56;59,56;19,85;20,59;38,97;7,35;8,82;44,85;15,44;5,15;37,5;36,76;5,15;97,06;2,21;0,74;85,29;13,24;0,74;0,74
"158";37162;"Mouzay";35766;190;210;10;10;1,25;6,25;3,75;10;6,25;16,25;11,25;3,75;10;5;1,25;2,5;1,25;1,25;0;0;0;0;1,25;6,25;5;17,5;13,75;18,75;25;12,5;55;16,25;28,75;42,5;7,5;6,25;43,75;7,5;2,5;52,5;35;2,5;100;0;0;90;10;0;0
"159";37163;"Nazelles-Négron";42960;1414;1578;5,99;3,93;3,43;6,68;7,19;6,68;7,87;8,39;8,39;10,28;8,05;8,39;5,82;4,8;3,25;0,86;0;0;0;0;0,51;3,6;3,43;13,02;17,3;13,35;38,02;10,78;65,58;18,67;15,76;38,7;4,8;4,28;52,22;19,01;8,73;32,2;39,39;0,67;91,62;1,19;7,19;75,69;9,42;13,87;1,02
"160";37165;"Neuil";37980;178;188;12,16;1,35;2,7;6,76;10,81;8,11;13,51;6,76;13,51;4,05;12,16;4,05;1,35;1,35;1,35;0;0;0;0;0;0;4,05;10,81;16,22;14,86;14,86;24,32;14,86;51,35;18,92;29,73;40,54;8,11;4,05;47,3;14,86;10,81;41,89;32,43;0;98,65;1,35;0;79,73;13,51;4,05;2,7
"161";37166;"Neuillé-le-Lierre";35018;299;314;5,79;0,83;5,79;4,96;13,22;10,74;12,4;6,61;4,96;12,4;6,61;6,61;3,31;3,31;0,83;1,65;0;0;0;0;1,65;4,96;6,61;14,05;17,36;17,36;28,93;9,09;61,98;12,4;25,62;42,98;4,13;7,44;45,45;14,88;4,96;52,07;24,79;3,31;100;0;0;77,69;12,4;7,44;2,48
"162";37167;"Neuillé-Pont-Pierre";34179;730;805;5,54;8,47;3,91;7,82;9,12;12,38;9,45;4,56;10,42;5,86;6,84;4,23;2,93;4,89;3,58;0;0;0;0;0;0,65;6,51;6,84;13,03;20,52;14,33;25,73;12,38;66,78;18,57;14,66;43,97;6,19;6,51;43,32;15,96;7,17;40,72;31,92;4,23;83,06;3,58;13,36;63,19;22,8;8,47;5,54
"163";37168;"Neuilly-le-Brignon";47766;120;115;4,31;6,43;0;6,45;6,45;21,06;10,76;8,58;8,56;8,57;4,28;2,14;0;4,28;3,84;4,27;0;0;0;0;6,45;2,14;2,16;25,35;19,3;15,06;27,38;2,16;57,44;23,65;18,91;47,27;10,3;8,6;33,84;20,5;0;40,94;38,56;0;97,86;2,14;0;87,57;12,43;0;0
"164";37169;"Neuville-sur-Brenne";28396;364;334;7,14;4,29;5;6,43;6,43;7,86;7,86;12,14;15;10;5;4,29;2,86;3,57;1,43;0,71;0;0;0;0;1,43;5;5,71;14,29;15,71;22,86;25,71;9,29;56,43;15;28,57;43,57;8,57;8,57;39,29;7,86;7,14;52,14;31,43;1,43;99,29;0,71;0;85;14,29;0;0,71
"165";37170;"Neuvy-le-Roi";52353;435;451;12,36;4,53;2,3;6,81;5,11;8,39;13,1;7,98;5,78;8,67;8,06;4,64;3,49;4,67;4,12;0;0;0;0;0;3,43;3,95;3,4;11,37;18,77;14,22;33,07;11,79;64,05;18,88;17,06;34,11;9,65;7,38;48,86;15,28;7,32;42,13;31,23;4,03;90,77;0,56;8,67;76,03;13,68;9,73;0,56
"166";37171;"Noizay";31492;493;490;8,41;3,5;2,04;6,08;4;10,56;12,01;11,6;7,19;11,31;6,69;1,55;6,75;4,65;3,12;0,52;0;0;0;0;1,54;9,49;6,6;12,63;14,19;12,69;28,96;13,92;59,44;15,66;24,89;36,97;4,05;12,55;46,42;11,96;3,05;42,28;38,1;4,61;98,47;1,53;0;86,92;8,97;0;4,11
"167";37172;"Notre-Dame-d'Oé";36470;1549;1790;6,02;5,14;4,7;6,31;7,49;6,9;10,27;8,95;7,49;8,95;9,54;7,05;4,56;3,53;1,92;0,6;0,6;0;0;0;0,15;2,64;8,81;19,37;14,97;9,39;34,54;10,13;48,61;23,07;28,33;42,12;5,43;3,82;48,63;11,59;4,11;44,18;36,98;3,13;87,03;2,69;10,27;77,79;11,74;7,19;3,28
"168";37173;"Nouans-les-Fontaines";30427;310;370;3,68;5,15;4,41;5,15;7,35;8,09;6,62;4,41;12,5;10,29;11,76;5,88;5,15;3,68;4,41;1,47;0;0;0;0;2,94;4,41;0,74;11,76;15,44;15,44;41,18;8,09;62,5;19,12;18,38;30,88;9,56;5,88;53,68;19,12;0;35,29;42,65;2,94;100;0;0;85,29;5,88;8,09;0,74
"169";37174;"Nouâtre";31256;346;342;5,76;5,14;2,94;4,97;5,79;9,41;7,99;5,15;11,04;8,55;7,37;4,44;6,65;9,62;2,24;2,21;0,72;0;0;0;0;3,64;0,73;7,35;12,43;25,35;38,84;11,65;85,67;6,56;7,77;31,26;3,64;5,11;60;20,18;9,5;34,25;31;5,07;90,44;0;9,56;72,85;8,09;16,09;2,97
"170";37175;"Nouzilly";40184;502;490;6,58;4,38;5,56;7,59;6,07;9,61;14,17;11,64;7,08;9,11;5,56;3,04;2,02;3,54;2,53;1,52;0;0;0;0;0,51;3,54;11,64;20,24;19,56;12,65;23,78;8,09;49,07;17,03;33,9;48,06;5,9;5,56;40,47;10,62;10,62;39,46;34,4;4,89;98,15;0,34;1,52;81,45;6,58;6,58;5,4
"171";37176;"Noyant-de-Touraine";25779;445;462;8,58;5,11;8,49;5,16;10,96;9,8;7,94;10,14;9,5;6,66;9,4;2,77;1,65;1,67;1,09;1,11;0;0;0;0;2,25;2,84;5,13;14,14;23,86;17,64;22,13;12;64,8;18,14;17,06;51,1;4,57;5,09;39,23;10,36;7,28;51,82;27,77;2,76;97,26;1,65;1,09;83,14;14,11;1,1;1,65
"172";37177;"Orbigny";53846;298;298;2,63;4,39;2,63;5,26;10,53;9,65;9,65;4,39;6,14;13,16;6,14;11,4;7,89;3,51;2,63;0;0;0;0;0;8,77;4,39;1,75;5,26;19,3;17,54;31,58;11,4;70,18;7,89;21,93;30,7;6,14;14,04;49,12;18,42;8,77;33,33;36,84;2,63;97,37;0,88;1,75;70,18;23,68;3,51;2,63
"173";37178;"Panzoult";19897;241;226;4,12;3,09;6,19;3,09;6,19;6,19;10,31;9,28;10,31;7,22;9,28;12,37;9,28;2,06;1,03;0;0;0;0;0;2,06;1,03;1,03;11,34;17,53;19,59;39,18;8,25;69,07;14,43;16,49;34,02;8,25;3,09;54,64;16,49;9,28;32,99;39,18;2,06;100;0;0;80,41;10,31;7,22;2,06
"174";37179;"Parçay-Meslay";30962;938;939;7,86;3,69;4,83;6,77;6,73;8,36;13,2;10,33;11,64;6,6;6,64;7,02;2,77;2,46;0,84;0,28;0;0;0;0;0,76;3,21;9,02;17,74;18,55;13,92;26,53;10,29;56,82;20,94;22,24;48,95;4,94;5,04;41,08;10,18;6,74;42,49;39,48;1,1;93,8;0;6,2;82,29;9;7,59;1,12
"175";37180;"Parçay-sur-Vienne";54020;271;251;5,77;4,81;3,85;14,42;12,5;7,69;9,62;4,81;2,88;10,58;6,73;4,81;3,85;3,85;0,96;2,88;0;0;0;0;0,96;5,77;2,88;18,27;14,42;20,19;24,04;13,46;67,31;12,5;20,19;44,23;4,81;6,73;44,23;17,31;6,73;41,35;34,62;0;99,04;0;0,96;78,85;10,58;3,85;6,73
"176";37181;"Paulmy";20102;90;95;2,7;2,7;10,81;16,22;5,41;2,7;8,11;8,11;10,81;16,22;0;0;2,7;5,41;5,41;2,7;0;0;0;0;13,51;2,7;0;10,81;27,03;13,51;29,73;2,7;43,24;27,03;29,73;40,54;0;18,92;40,54;16,22;5,41;29,73;48,65;0;97,3;0;2,7;86,49;10,81;0;2,7
"177";37182;"Pernay";48514;491;516;5,37;6,34;9,76;11,22;9,76;12,68;5,85;6,34;9,76;7,32;9,27;1,95;1,46;0,98;0;1,46;0,49;0;0;0;0;3,9;4,88;24,88;22,44;12,2;22,44;9,27;48,29;20;31,71;54,15;2,93;4,88;38,05;8,78;2,44;57,56;31,22;0;99,02;0;0,98;85,85;7,32;6,34;0,49
"178";37183;"Perrusson";34316;613;668;6,72;3,95;5,92;3,95;3,56;7,12;7,91;9,88;5,93;6,33;13,05;7,51;5,93;5,93;5,14;0,79;0,4;0;0;0;0,4;1,58;6,33;11,47;15,02;12,25;43,49;9,47;69,95;15,02;15,02;33,21;7,11;3,56;56,12;16,21;7,91;31,23;41,12;3,53;88,95;3,93;7,12;68;14,63;14,23;3,14
"179";37184;"Le Petit-Pressigny";24973;115;165;7,14;1,79;3,57;0;5,36;7,14;5,36;8,93;3,57;8,93;12,5;10,71;8,93;8,93;5,36;1,79;0;0;0;0;7,14;7,14;0;3,57;7,14;8,93;57,14;8,93;64,29;12,5;23,21;8,93;5,36;14,29;71,43;19,64;14,29;16,07;42,86;7,14;100;0;0;92,86;5,36;0;1,79
"180";37185;"Pocé-sur-Cisse";51514;647;685;7,13;4,92;7,59;5,72;3,38;9,04;13,21;12,88;10,78;7,31;6,17;3,45;2,31;3,1;2,25;0,77;0;0;0;0;0,76;2,28;6,83;15,55;21,98;18,23;24,59;9,79;59,02;20,95;20,03;45,15;8,34;4,18;42,33;15,35;9,89;37,46;35,38;1,92;89,3;0,78;9,92;75,87;12,28;10,76;1,09
"181";37186;"Pont-de-Ruan";17955;380;433;4,79;4,19;6,59;19,76;10,18;14,37;9,58;5,99;5,99;4,19;4,79;4,19;4,19;1,2;0;0;0;0;0;0;0;1,8;10,18;25,75;20,36;18,56;14,97;8,38;38,32;25,15;36,53;64,07;5,39;2,99;27,54;8,98;4,19;58,08;28,74;0;99,4;0;0,6;92,22;3,59;4,19;0
"182";37187;"Ports";30749;142;157;6,55;3,28;8,19;9,87;3,28;3,28;14,75;11,47;9,83;9,83;3,28;4,92;1,64;0;6,55;3,28;0;0;0;0;3,28;0;3,28;4,92;26,22;18,03;29,5;14,79;63,95;22,94;13,11;44,25;1,64;3,28;50,84;18,03;3,28;44,25;32,77;1,68;95,05;3,31;1,64;80,3;13,11;0;6,59
"183";37188;"Pouzay";27690;354;334;6,34;3,52;5,63;7,75;7,75;9,15;9,15;12,68;14,08;5,63;6,34;3,52;2,11;4,23;1,41;0,7;0;0;0;0;0,7;7,75;2,82;17,61;18,31;20,42;23,24;9,15;68,31;16,9;14,79;43,66;7,04;8,45;40,85;14,79;2,82;42,96;38,03;1,41;100;0;0;78,17;15,49;6,34;0
"184";37189;"Preuilly-sur-Claise";19883;458;473;4,09;2,61;1,6;2,68;3,08;5,13;6,77;3,72;4,86;12,97;14,62;9,22;8,09;8,16;5,45;4,82;1,08;1,08;0;0;1,04;2,02;4,79;4,74;12,11;5,23;62,27;7,8;79,26;9,5;11,24;15,2;4,74;5,19;74,86;22,13;5,33;23,04;34,44;15,05;82,13;12,9;4,97;73,08;11,33;2,14;13,46
"185";37190;"Pussigny";19247;70;75;6,9;3,45;3,45;0;10,34;10,34;6,9;10,34;6,9;6,9;10,34;6,9;6,9;6,9;0;3,45;0;0;0;0;3,45;6,9;3,45;13,79;13,79;13,79;37,93;6,9;68,97;17,24;13,79;31,03;10,34;13,79;44,83;17,24;0;27,59;41,38;13,79;100;0;0;86,21;6,9;0;6,9
"186";37191;"Razines";18625;102;86;2,7;0;8,11;0;8,11;5,41;10,81;8,11;13,51;8,11;10,81;2,7;16,22;5,41;0;0;0;0;0;0;10,81;0;2,7;10,81;8,11;27,03;32,43;8,11;67,57;13,51;18,92;40,54;2,7;10,81;45,95;16,22;10,81;29,73;43,24;0;100;0;0;83,78;10,81;5,41;0
"187";37192;"Reignac-sur-Indre";35169;469;541;10,9;1,9;6,16;5,21;8,06;8,53;11,37;9;7,11;7,58;5,69;8,06;3,79;3,79;1,42;1,42;0;0;0;0;0,95;4,74;8,06;17,54;16,11;11,37;27,01;14,22;59,24;18,01;22,75;41,71;7,58;7,58;43,13;11,85;4,74;45,5;37,91;0;96,68;0;3,32;81,52;10,9;7,11;0,47
"188";37193;"Restigné";29143;469;560;4,85;1,5;4,52;3,51;10,44;10,36;11,94;7,04;9,59;6,08;9,6;7,08;5,88;5,57;0,51;1,53;0;0;0;0;5,02;3,4;5,04;11,99;16,01;15,44;33,71;9,37;60,67;16,79;22,54;39,98;4,02;9,42;46,58;15,09;4,03;39,45;40,42;1,01;97,46;0,51;2,03;84,93;13,57;1,5;0
"189";37194;"Reugny";51496;625;680;9,2;3,45;4,98;7,66;7,28;10,73;10,73;11,49;4,98;10,73;5,75;2,3;4,6;3,45;1,53;1,15;0;0;0;0;0,77;6,13;7,28;18,39;16,48;14,18;24,52;12,26;54,41;18,01;27,59;41,38;5,36;9,2;44,06;12,64;8,05;46,36;29,89;3,07;96,17;1,53;2,3;87,36;9,58;1,15;1,92
"190";37195;"La Riche";18149;3849;4857;9,3;11,5;11,04;8,55;6,57;6,95;6,48;6,06;7,04;6,69;5,71;4,44;3,39;2,35;2,48;0,93;0,5;0,01;0;0;0,09;2,08;10,73;15,94;17,75;11,28;23,87;18,26;45,07;21,31;33,62;36,29;9,31;4,36;50,04;29,7;8,07;29,15;28,49;4,59;37,4;2,23;60,37;42,73;34,97;18,9;3,4
"191";37196;"Richelieu";26478;689;923;7,73;2,55;2,26;2,9;4,51;7,72;6,76;4,19;9,02;9,35;10,3;7,73;4,82;8,67;7,35;2,55;1,26;0,31;0;0;0;1,6;2,9;7,09;15,47;9,67;46,63;16,64;76,48;12,56;10,96;23,85;3,55;2,57;70,04;24,82;6,45;21,59;36,74;10,4;75,41;9,76;14,83;56,4;19,01;12,25;12,34
"192";37197;"Rigny-Ussé";41266;186;186;5,11;0;10,68;3,93;13,02;10,23;3,75;4,01;5,09;6,79;6,79;8,11;7,81;10,61;2,72;1,35;0;0;0;0;0;4,82;3,69;11,78;10,44;13,3;44,18;11,77;68,64;11,87;19,48;32,57;0;4,82;62,6;20,36;5,3;27,76;42,55;4,03;95,97;4,03;0;76,48;16,83;1,38;5,32
"193";37198;"Rillé";29709;100;141;4,09;4,05;4,05;6,11;2,03;8,33;8,26;6,19;4,24;18,92;10,44;8,49;8,41;4,24;2,14;0;0;0;0;0;2,03;4,13;0;4,09;22,82;6,08;48,4;12,46;71,18;14,41;14,41;20,6;0;8,18;71,22;15;12,5;30,46;42,05;0;100;0;0;91,59;6,27;0;2,14
"194";37199;"Rilly-sur-Vienne";51495;192;187;2,66;4;4;13,33;7,99;6,66;9,33;9,34;12;4;6,67;4,01;8,01;5,34;1,34;0;1,34;0;0;0;4;6,67;5,34;6,65;13,33;24;29,37;10,65;72,02;9,33;18,65;37,33;4;9,33;49,35;16,04;5,34;38,59;40,04;0;98,66;0;1,34;68;22,65;4,01;5,34
"195";37200;"Rivarennes";51150;431;370;7,89;3,09;4,38;8,03;7,86;12,19;9,26;5,73;5,09;7,74;10,19;2,55;8,32;4,5;1,92;1,26;0;0;0;0;1,84;3,07;2,6;11,8;17,89;17,35;30,67;14,78;70,68;8,79;20,53;38,37;4,99;4,91;51,73;13,09;5,67;45,58;31,92;3,74;98,13;1,87;0;83,45;9;5,67;1,87
"196";37201;"Rivière";19428;292;298;6,09;1,74;6,09;5,22;3,48;6,96;9,57;13,04;10,43;11,3;6,09;5,22;6,09;6,09;2,61;0;0;0;0;0;2,61;4,35;5,22;13,04;17,39;14,78;35,65;6,96;63,48;16,52;20;38,26;4,35;10,43;46,96;15,65;8,7;35,65;40;0;100;0;0;75,65;12,17;10,43;1,74
"197";37202;"La Roche-Clermault";45471;225;200;5,68;2,39;3,42;4,58;5,71;9,2;10,36;9,51;4,82;9,65;14,33;3,59;10,74;2,36;3,66;0;0;0;0;0;2,29;2,22;1,16;10,36;16,32;13,03;45,45;9,17;71,07;11,46;17,48;32,66;7,11;4,52;55,71;13,56;0;43,36;38,3;4,79;97,81;0;2,19;87,89;8,49;3,63;0
"198";37203;"Rochecorbon";22979;1233;1364;9,35;2,53;5,45;4,87;7,21;7,4;10,71;8,17;8,96;8,96;6,43;5,64;3,51;4,48;3,29;1,91;0,77;0,38;0;0;0,39;5,65;15,77;16,36;11,1;5,65;29,71;15,37;45,29;15,19;39,52;38,95;2,53;8,96;49,56;14,99;9,54;38,17;33,49;3,8;85,3;3,8;10,91;76,73;9,93;8,18;5,16
"199";37204;"Rouziers-de-Touraine";54205;544;466;10,2;2,91;7,28;7,28;6,31;9,22;14,56;11,65;6,31;6,8;8,25;2,91;3,4;0,49;1,94;0,49;0;0;0;0;0,49;6,31;9,71;19,42;15,05;15,05;22,81;11,17;53,89;16,5;29,61;41,74;11,16;8,25;38,84;9,71;5,34;52,42;30,09;2,44;98,53;0,49;0,97;81,06;12,62;3,88;2,44
"200";37205;"Saché";24544;541;550;9,66;3,68;6,42;6,43;8,75;11,51;8,28;7,79;12,35;5,48;6,4;3,67;2,29;1,37;4,57;0,91;0,46;0;0;0;2,75;4,13;6,9;17;17;15,6;24,68;11,94;59,59;17,43;22,97;44,54;7,36;7,79;40,31;10,94;5,95;50,65;31,09;1,37;94,04;1,37;4,59;84,39;14,23;0;1,37
"201";37206;"Saint-Antoine-du-Rocher";33069;651;652;5,1;4,73;6,7;9,84;9,44;13,37;8,26;7,5;10,28;8,22;7,05;4,75;1,98;1,19;0,79;0,4;0,4;0;0;0;0,79;2,77;14,99;25,59;18,53;9,45;22,01;5,88;48,77;18,93;32,29;58,29;5,92;4,74;31,04;9,53;2,76;54,63;32,29;0,79;98,02;0;1,98;83,8;14,61;0,4;1,19
"202";37207;"Saint-Aubin-le-Dépeint";47407;111;105;2,17;0;8,87;8,79;8,88;4,84;14,02;9,47;16,39;4,74;4,84;0;7,21;4,95;0;4,84;0;0;0;0;2,37;4,84;0;6,7;25,47;24,96;28,94;6,72;72,17;16,49;11,35;44,01;4,54;7,21;44,25;22,26;11,45;28,41;37,88;0;92,79;0;7,21;72,74;17,97;2,47;6,81
"203";37208;"Saint-Avertin";25975;5874;6693;7,23;4,27;4,8;4,92;6,14;7,53;8,43;8,71;9,52;9,38;8,83;6,43;5,19;4,65;2,66;1,01;0,3;0;0;0;0,08;3,3;14,04;16,03;12,52;6,36;34,9;12,77;44,48;18,2;37,32;37,61;4,87;5,66;51,86;16,34;5,09;38,55;36,93;3,09;77,77;1,7;20,53;74,94;14,41;7,79;2,87
"204";37210;"Saint-Benoît-la-Forêt";41333;299;411;2,71;3,48;3,49;9,87;3,39;10,99;4,85;8,56;4,94;10,78;3,62;4,32;4,32;9,19;9,86;4,93;0,7;0;0;0;0,68;3,49;6,88;13,45;11,24;7,55;47,02;9,69;60,68;11,28;28,04;34,95;0,7;4,17;60,18;8,16;0;31,43;25,9;34,51;63,31;34,51;2,18;52,67;1,44;11,39;34,51
"205";37211;"Saint-Branchs";48105;1070;1005;7,43;4,8;6,47;9,11;8,39;7,91;8,87;8,87;9,11;7,43;8,63;5,28;2,4;1,92;2,16;0,96;0,24;0;0;0;1,92;3,36;7,43;16,55;18,47;16,31;26,38;9,59;56,59;19,9;23,5;47,48;6,71;6,47;39,33;13,67;5,76;45,56;32,61;2,4;94;0,24;5,76;83,69;11,51;4,56;0,24
"206";37212;"Sainte-Catherine-de-Fierbois";46437;314;295;9,68;2,42;7,26;8,06;6,45;10,48;11,29;4,84;6,45;7,26;5,65;10,48;6,45;0;1,61;1,61;0;0;0;0;0;3,23;3,23;17,74;15,32;15,32;30,65;14,52;56,45;28,23;15,32;41,13;6,45;4,03;48,39;12,9;7,26;50,81;29,03;0;98,39;0;1,61;83,06;4,84;11,29;0,81
"207";37213;"Saint-Christophe-sur-le-Nais";22705;425;465;6,73;4,49;5,05;8,41;8,98;10,67;5,05;7,87;9,56;4,5;7,87;5,63;2,81;3,38;6,75;1,69;0,56;0;0;0;1,12;3,37;5,62;10,67;14,04;21,34;31,5;12,35;68,54;14,61;16,85;38,19;6,74;5,61;49,46;14,08;8,42;38,14;30,37;8,99;88,76;8,99;2,25;77,52;6,75;5,61;10,12
"208";37214;"Saint-Cyr-sur-Loire";29818;6131;7500;6,51;5,61;5,54;5,06;5,45;6,61;7,79;7,74;8,74;8,49;9,92;7,03;5,49;4,38;3,38;1,73;0,46;0,06;0;0;0,03;3,1;12,94;15,78;12,31;5,46;36,54;13,85;41,31;19,93;38,76;33,69;5,55;6,24;54,51;23,88;8,24;28,63;35,66;3,6;58,95;2,87;38,18;66,1;20,88;9,09;3,93
"209";37216;"Saint-Épain";46249;565;635;4,58;2,5;5,83;8,33;8,75;10;7,5;12,92;7,92;6,67;8,75;4,58;2,92;4,58;2,5;1,25;0,42;0;0;0;5;4,58;5;15;15,83;15;29,17;10,42;63,33;14,17;22,5;40,42;5,83;10;43,75;15;5,42;43,75;33,33;2,5;92,08;1,67;6,25;77,08;12,5;10,42;0
"210";37217;"Saint-Étienne-de-Chigny";43330;620;610;8,54;7,32;7,72;8,94;6,1;10,57;8,13;10,98;10,57;9,35;5,28;3,66;1,22;0,81;0;0,81;0;0;0;0;0,41;3,66;12,2;22,76;17,07;10,98;19,11;13,82;49,59;20,33;30,08;50,41;6,5;6,5;36,59;11,79;7,32;52,44;27,64;0,81;94,72;0;5,28;80,08;6,5;11,79;1,63
"211";37218;"Saint-Flovier";46216;218;274;5,89;1,97;5,02;7;2,97;3;6,9;3,98;10,18;14,23;10,2;7,15;8,18;9,23;3,07;1,03;0;0;0;0;5;4,94;2,02;3,02;4,03;21,08;48,02;11,89;76,85;14,03;9,12;20,1;1,98;11;66,91;21,7;5,08;32,6;38,62;2;98,97;0;1,03;79,78;10,04;9,17;1,02
"212";37219;"Saint-Genouph";54632;435;435;9,2;5,75;3,45;10,92;8,62;8,62;10,34;9,77;5,17;12,07;6,9;4,6;0;1,72;1,15;1,72;0;0;0;0;0,57;3,45;6,9;18,97;16,67;12,64;27,01;13,79;62,64;14,37;22,99;45,4;4,6;4,6;45,4;10,92;6,32;48,28;32,18;2,3;97,13;0,57;2,3;84,48;10,34;1,15;4,02
"213";37220;"Saint-Germain-sur-Vienne";18673;164;158;4,45;6,08;4,51;2,89;4,27;1,44;10,53;10,67;17,23;6,33;7,9;7,7;4,83;4,7;4,83;1,63;0;0;0;0;1,5;7,53;3,07;15,11;13,49;7,77;39,42;12,1;58,94;18,25;22,81;21,14;7,59;10,48;60,8;24,14;7,64;33,76;34,46;0;91,97;3,13;4,89;75,17;10,78;3,26;10,78
"214";37221;"Saint-Hippolyte";19475;273;269;4,71;1,91;5,65;4,69;3,94;8,5;7,54;5,63;12,12;11,11;14,76;5,56;3,69;5,55;4,62;0;0;0;0;0;0,93;6,53;0,93;6,59;15,12;18,9;41,56;9,44;74,77;13,04;12,2;28,39;4,71;8,41;58,49;15,52;8,44;33,4;37,08;5,56;95,26;4,74;0;86,93;6,45;0;6,62
"215";37222;"Saint-Jean-Saint-Germain";53292;285;310;5,88;1,68;5,88;5,88;5,88;6,72;9,24;11,76;8,4;11,76;6,72;9,24;2,52;5,04;2,52;0;0,84;0;0;0;3,36;4,2;4,2;11,76;13,45;14,29;38,66;10,08;66,39;15,97;17,65;33,61;5,04;10,08;51,26;14,29;7,56;33,61;33,61;10,92;93,28;5,88;0,84;75,63;18,49;0;5,88
"216";37223;"Saint-Laurent-de-Lin";35248;125;140;1,89;9,43;5,66;1,89;16,98;5,66;7,55;3,77;11,32;3,77;18,87;1,89;3,77;1,89;3,77;1,89;0;0;0;0;1,89;7,55;1,89;13,21;15,09;15,09;33,96;11,32;69,81;20,75;9,43;39,62;3,77;9,43;47,17;18,87;5,66;45,28;30,19;0;100;0;0;67,92;18,87;5,66;7,55
"217";37224;"Saint-Laurent-en-Gâtines";51271;340;350;6,52;0;7,25;8,7;13,77;14,49;7,25;7,25;5,07;6,52;8,7;2,17;4,35;5,07;2,9;0;0;0;0;0;2,9;2,17;4,35;18,12;13,04;22,46;28,99;7,97;57,25;18,12;24,64;46,38;6,52;5,07;42,03;11,59;7,25;46,38;34,78;0;99,28;0;0,72;78,26;11,59;7,25;2,9
"218";37225;"Saint-Martin-le-Beau";18847;1300;1270;8,17;5,06;3,89;6,61;7,98;9,92;9,92;10,31;9,53;6,23;7,78;6,23;3,89;1,56;2,53;0,39;0;0;0;0;1,36;2,72;7,39;19,07;15,95;14,01;27,24;12,26;57,39;18,68;23,93;43,39;6,23;5,25;45,14;9,53;4,28;47,67;34,24;4,28;95,14;2,92;1,95;80,74;7,78;8,37;3,11
"219";37226;"Sainte-Maure-de-Touraine";32718;1702;1909;5,74;3,53;3,97;6,44;5,88;6,88;8,61;6,74;8,41;7,55;9,41;8,62;5,59;5,93;3,44;2,47;0,78;0;0;0;1,29;2,44;3,3;11,33;14,2;16,15;39,27;12,02;69,37;14,67;15,96;32,64;7,32;4,3;55,74;18,65;7,32;31,7;34,71;7,63;80,18;6,77;13,05;65,98;14,92;10,9;8,2
"220";37228;"Saint-Nicolas-de-Bourgueil";40489;465;465;5,91;3,23;5,38;8,6;4,84;3,76;7,53;9,14;6,99;6,45;14,52;5,38;8,06;5,91;2,15;1,08;1,08;0;0;0;8,6;4,3;4,3;3,76;13,44;13,98;41,4;10,22;73,66;11,83;14,52;30,65;2,15;12,9;54,3;14,52;2,15;38,17;45,16;0;97,31;0;2,69;86,56;8,6;4,3;0,54
"221";37229;"Saint-Nicolas-des-Motets";34492;115;90;12,2;2,44;2,44;9,76;4,88;7,32;12,2;17,07;12,2;0;9,76;2,44;4,88;2,44;0;0;0;0;0;0;2,44;7,32;4,88;9,76;19,51;21,95;21,95;12,2;65,85;14,63;19,51;46,34;4,88;9,76;39,02;9,76;4,88;56,1;29,27;0;100;0;0;90,24;4,88;0;4,88
"222";37230;"Saint-Ouen-les-Vignes";26280;411;436;11,73;1,77;4,14;3,56;7,65;10,58;9,44;11,84;8,91;11,89;2,98;4,77;3,58;3,58;2,39;1,19;0;0;0;0;1,19;6,49;7,7;15,93;14,16;13,59;28,6;12,34;59,78;18,91;21,31;37,8;6,48;9,45;46,27;10,18;5,33;47;32,14;5,35;97,03;0;2,97;75,76;15,35;8,3;0,6
"223";37231;"Saint-Paterne-Racan";51803;738;625;6,95;3,29;7,32;5,85;7,68;6,22;9,51;10,24;10,61;8,78;7,68;3,66;2,56;4,39;2,93;1,83;0,49;0;0;0;2,93;5,12;4,39;14,63;15,73;18,66;29,76;8,78;65,49;17,32;17,2;40,61;7,32;10,24;41,83;17,93;5,85;40,61;34,39;1,22;92,93;0,49;6,59;78,66;9,15;10,98;1,22
"224";37232;"Saint-Patrice";37654;788;788;7,64;2,86;4,8;4,79;6,68;13,08;9,24;10,19;4,47;6,38;5,42;6,36;7,29;5,08;4,77;0,95;0;0;0;0;1,59;3,83;4,12;12,74;16,58;17,57;33,72;9,85;65,94;16,22;17,84;39,24;5,42;6,05;49,3;14,63;7,95;38,57;35,65;3,2;97,78;1,58;0,64;85,67;8,91;4,79;0,63
"225";37233;"Saint-Pierre-des-Corps";37530;5891;6783;7,28;6,88;7,44;7,5;7,7;8,23;7,45;7,19;6,69;7,99;7,87;5,64;4,21;3,76;2,78;1,13;0,23;0,03;0;0;0,06;1,99;6,11;12,18;16,47;14,99;30,3;17,9;63,21;15,81;20,98;32,91;7,37;2,74;56,98;22,23;11,24;34,6;27,8;4,13;48,66;1,79;49,55;47,62;13,55;35,7;3,13
"226";37234;"Saint-Quentin-sur-Indrois";33681;210;195;6,18;4,95;6,17;9,9;3,7;17,33;8,65;8,63;3,7;6,16;6,16;4,93;3,69;6,16;3,69;0;0;0;0;0;4,93;3,7;9,92;18,53;12,37;12,35;28,32;9,88;64,13;11,12;24,75;39,56;4,95;12,34;43,15;14,74;4,93;48,28;27,11;4,93;92,6;4,93;2,46;81,5;9,88;3,69;4,93
"227";37236;"Saint-Règle";51879;227;232;11,14;4,38;6,55;4,45;11,1;11,09;6,65;12,07;1,1;15,22;8,69;5,4;1,08;0;1,07;0;0;0;0;0;1,08;8,91;7,8;14,32;14,3;13,1;29,28;11,21;44,88;30,72;24,41;36,41;7,62;12,21;43,76;7,48;3,25;54,58;34,69;0;97,83;0;2,17;90,26;8,67;0;1,07
"228";37237;"Saint-Roch";17508;470;555;10,24;3,9;3,41;5,37;5,85;13,17;11,71;10,73;10,73;6,83;12,68;1,46;3,41;0,49;0;0;0;0;0;0;0,98;4,88;8,78;23,41;18,05;7,8;23,9;12,2;55,61;19,51;24,88;47,8;6,34;6,83;39,02;7,32;5,37;54,15;32,2;0,98;97,07;0;2,93;85,37;10,73;3,9;0
"229";37238;"Saint-Senoch";48648;240;229;13,14;4,4;3,26;7,71;4,37;7,67;7,62;10,86;12,98;4,31;5,39;4,33;6,46;4,29;3,22;0;0;0;0;0;2,16;5,41;0;6,54;20,77;26,15;25,84;13,13;80,37;14,2;5,43;41,41;6,59;7,57;44,42;10,67;5,43;53,74;30,16;0;98,93;0;1,07;77,26;20,61;2,13;0
"230";37240;"Saunay";47501;250;295;8,26;5,5;4,59;2,75;13,76;14,68;10,09;6,42;2,75;6,42;5,5;6,42;4,59;2,75;1,83;3,67;0;0;0;0;0;2,75;10,09;13,76;19,27;15,6;30,28;8,26;51,38;24,77;23,85;47,71;6,42;2,75;43,12;11,01;1,83;54,13;29,36;3,67;100;0;0;89,91;8,26;0;1,83
"231";37241;"Savigné-sur-Lathan";17564;535;540;7,91;3,72;6,05;6,05;6,98;7,44;9,3;9,3;7,91;8,84;4,19;5,58;8,37;6,51;1,4;0,47;0;0;0;0;0,93;2,79;2,79;10,7;18,14;23,72;32,09;8,84;68,37;20;11,63;40,47;9,3;4,19;46,05;17,67;10,23;39,53;31,63;0,93;94,42;0,93;4,65;71,63;16,74;8,84;2,79
"232";37242;"Savigny-en-Véron";47831;632;592;8,13;5,29;6,1;9,35;6,5;8,54;12,2;8,94;4,47;6,91;7,32;6,91;2,44;4,06;2,44;0;0,41;0;0;0;0,81;4,88;2,44;13,82;14,63;20,32;28,86;14,24;69,92;13,41;16,66;37,39;6,5;6,1;50;14,63;8,54;41,05;30,89;4,89;89,01;8,14;2,85;72,76;14,23;6,5;6,51
"233";37243;"Savonnières";41189;1264;1299;7,41;3,31;3,31;7,02;8,77;7,99;8,97;12,48;7,8;8,58;9,94;5,26;2,92;3,7;1,17;1,17;0,19;0;0;0;0,39;4,68;12,67;21,44;13,84;6,43;28,46;12,09;47,56;17,93;34,5;42,69;3,9;8,58;44,83;9,36;5,46;47,76;37,04;0,39;97,27;0,58;2,14;89,47;7,6;1,56;1,36
"234";37244;"Sazilly";29399;100;115;6,98;9,3;2,33;2,33;2,33;6,98;11,63;18,6;4,65;9,3;11,63;2,33;2,33;2,33;4,65;0;2,33;0;0;0;0;2,33;2,33;6,98;30,23;13,95;32,56;11,63;74,42;18,6;6,98;46,51;4,65;2,33;46,51;13,95;18,6;44,19;23,26;0;100;0;0;74,42;13,95;0;11,63
"235";37245;"Semblançay";24423;926;844;6,51;7,02;6,61;7,73;5,96;9,94;11,9;8,63;9,69;8,73;5,5;2,57;3,49;1,43;2,29;1,71;0,28;0;0;0;0,28;6,25;8,54;16,92;17,81;15,75;22,83;11,62;54,21;21,7;24,09;45,39;7,63;8,25;38,73;9,02;2,32;53,77;27,25;7,64;90,59;7,06;2,34;82,01;8,61;0,57;8,81
"236";37246;"Sennevières";36107;95;100;2,56;12,82;12,82;7,69;7,69;10,26;5,13;10,26;7,69;5,13;5,13;5,13;2,56;5,13;0;0;0;0;0;0;0;0;2,56;10,26;15,38;25,64;20,51;25,64;61,54;15,38;23,08;33,33;7,69;2,56;56,41;15,38;2,56;20,51;35,9;25,64;82,05;15,38;2,56;56,41;23,08;5,13;15,38
"237";37247;"Sepmes";28044;275;270;6,56;4,21;3,7;8,51;6,87;6,1;15,11;3,74;14,27;6,21;4,66;11,65;6,51;0,92;0,96;0;0;0;0;0;8,22;0,86;3,38;8,73;14,53;23,74;28,11;12,42;67,47;16,92;15,6;36,36;4,59;9,79;49,26;18,66;3,66;38,65;38,11;0,92;95,96;2,11;1,92;74,12;9,13;13,67;3,08
"238";37248;"Seuilly";34693;133;154;8,09;0;0;3,46;6,51;4,93;17,18;8,5;6,86;15,96;6,98;7,1;1,76;1,82;9,05;1,82;0;0;0;0;1,64;3,52;6,62;8,74;17,02;10,5;39,02;12,95;54,15;10,2;35,65;27,09;7,1;6,8;59,01;25,5;3,52;39,32;31,66;0;90,89;7,29;1,82;71,83;17,67;8,68;1,82
"239";37249;"Sonzay";42486;556;582;9,78;3,56;8;10,67;8;8,89;9,78;6,22;10,22;5,78;7,11;6,22;1,78;1,78;1,78;0,44;0;0;0;0;2,67;4,89;5,33;19,11;18,22;14,22;21,78;13,78;50,67;22,22;27,11;45,78;7,11;9,33;37,78;12,44;6,67;48,89;32;0;95,56;0;4,44;74,67;17,78;7,56;0
"240";37250;"Sorigny";38206;977;1009;9,26;4,43;5,15;8,59;8,58;10,05;10,3;8,58;3,93;5,64;8,33;5,88;4,66;2,21;3,68;0,49;0,25;0;0;0;0,98;2,21;9,07;15,73;18,14;16,79;26,97;10,11;54,36;18,68;26,97;48,05;6,54;5,64;39,77;11,28;5,15;45,35;33,83;4,4;93,89;3,17;2,94;81,39;11,03;4,17;3,42
"241";37251;"Souvigné";47458;290;305;4,2;0,84;9,24;12,61;12,61;12,61;5,88;8,4;10,08;7,56;6,72;3,36;1,68;2,52;1,68;0;0;0;0;0;0,84;4,2;5,04;24,37;15,13;22,69;22,69;5,04;55,46;16,81;27,73;55,46;6,72;6,72;31,09;13,45;5,04;46,22;35,29;0;99,16;0,84;0;84,03;8,4;6,72;0,84
"242";37252;"Souvigny-de-Touraine";53108;151;146;5,09;10,17;5,09;10,21;11,88;10,19;3,38;3,38;6,77;16,92;1,69;6,78;1,69;5,07;1,69;0;0;0;0;0;0;3,41;5,08;13,57;16,96;18,65;33,85;8,48;54,2;22,05;23,75;37,3;10,17;3,41;49,13;11,83;10,16;44,17;33,84;0;100;0;0;83,05;15,26;1,69;0
"243";37253;"Sublaines";27253;74;74;7,14;0;7,14;10,71;17,86;3,57;10,71;7,14;0;0;3,57;17,86;3,57;3,57;3,57;3,57;0;0;0;0;3,57;0;17,86;21,43;10,71;7,14;32,14;7,14;53,57;10,71;35,71;42,86;3,57;3,57;50;17,86;3,57;42,86;35,71;0;100;0;0;89,29;10,71;0;0
"244";37254;"Tauxigny";29693;645;610;6,77;4,78;7,57;8,77;9,16;9,16;8,76;7,97;9,17;7,97;7,17;2,79;4,38;2,79;1,59;0,8;0,4;0;0;0;2,79;6,37;5,98;18,33;16,34;17,13;25,1;7,97;58,57;15,93;25,49;41,04;9,56;10,35;39,05;10,36;6,78;48,61;32,66;1,59;96,02;1,99;1,99;86,45;9,97;1,99;1,59
"245";37255;"Tavant";19735;120;100;4,55;9,09;2,27;4,55;6,82;0;6,82;15,91;13,64;11,36;13,64;0;2,27;6,82;0;2,27;0;0;0;0;6,82;2,27;2,27;9,09;15,91;27,27;31,82;4,55;84,09;11,36;4,55;29,55;13,64;9,09;47,73;20,45;11,36;36,36;31,82;0;95,45;0;4,55;79,55;15,91;0;4,55
"246";37256;"Theneuil";38169;125;120;4,06;8,14;6,08;8,1;2,06;0;6,08;2,06;16,32;10,21;10,25;14,33;6,14;4,11;2,06;0;0;0;0;0;0;4,07;2,04;8,15;20,37;14,24;38,93;12,2;63,36;18,26;18,38;24,46;8,12;8,14;59,28;14,41;4,05;36,5;45,04;0;100;0;0;83,74;4,05;12,21;0
"247";37257;"Thilouze";47765;602;670;7,95;4,55;8,33;5,68;14,02;8,71;11,74;9,09;6,82;5,68;5,68;5,3;1,52;2,65;1,52;0,76;0;0;0;0;2,27;3,03;5,68;15,53;25;15,53;22,73;10,23;55,68;20,83;23,48;51,14;6,06;6,82;35,98;10,98;4,92;56,06;28,03;0;98,86;0;1,14;85,61;10,98;2,65;0,76
"248";37258;"Thizay";43357;151;115;9,43;7,55;5,66;0;9,43;5,66;15,09;11,32;11,32;3,77;0;3,77;7,55;3,77;5,66;0;0;0;0;0;0;5,66;1,89;9,43;26,42;20,75;24,53;11,32;60,38;16,98;22,64;41,51;5,66;5,66;47,17;11,32;3,77;45,28;26,42;13,21;100;0;0;81,13;9,43;5,66;3,77
"249";37259;"Tournon-Saint-Pierre";42733;183;203;2,56;3,85;6,41;3,85;5,13;1,28;6,41;10,26;12,82;14,1;12,82;7,69;3,85;1,28;5,13;2,56;0;0;0;0;1,28;1,28;0;5,13;19,23;21,79;41,03;10,26;88,46;8,97;2,56;35,9;3,85;2,56;57,69;25,64;7,69;28,21;38,46;0;100;0;0;67,95;24,36;5,13;2,56
"250";37260;"La Tour-Saint-Gelin";36090;235;230;8,6;1,08;2,15;3,23;4,3;4,3;8,6;15,05;6,45;9,68;7,53;6,45;10,75;7,53;4,3;0;0;0;0;0;3,23;3,23;4,3;8,6;13,98;16,13;39,78;10,75;76,34;13,98;9,68;31,18;6,45;9,68;52,69;16,13;2,15;45,16;34,41;2,15;97,85;0;2,15;94,62;2,15;0;3,23
"251";37261;"Tours";31059;52830;63485;10,04;13,3;9,85;7,76;6,61;6,6;6,35;6,3;5,91;5,75;5,4;4,17;3,68;3,67;2,67;1,48;0,4;0,05;0;0;0,03;2,38;11,04;14,12;16,35;10,15;23,73;22,2;41,27;23,44;35,29;31,98;9,23;4,1;54,68;34,59;9,95;23,11;24,12;8,23;25,83;4,72;69,45;35,7;27,58;26,55;10,17
"252";37262;"Trogues";45789;149;124;8,96;3,64;7,17;1,79;8,67;8,78;9,2;13,04;12,79;9,08;7,54;1,85;1,85;5,62;0;0;0;0;0;0;1,79;5,44;0;10,82;23,55;21,82;24,16;12,43;65,46;21,88;12,67;41,6;9,08;9,02;40,29;13,41;16,56;40,39;29,65;0;100;0;0;85,05;14,95;0;0
"253";37263;"Truyes";43513;975;1000;8,35;4,56;5,06;8,35;6,33;10,89;11,9;6,84;8,1;10,13;8,35;3,29;3,8;1,77;1,52;0,51;0,25;0;0;0;0,25;4,56;5,06;16,96;17,72;14,68;27,09;13,67;57,22;15,7;27,09;43,04;4,3;5,57;47,09;10,89;3,54;49,62;32,91;3,04;94,68;2,78;2,53;78,73;9,62;8,86;2,78
"254";37264;"Vallères";51252;466;471;9,88;1,65;5,53;10,5;7,7;10,99;12,67;10,52;4,99;7,79;8,34;2,78;2,78;2,78;0,56;0,56;0;0;0;0;2,21;7,16;8,27;14,9;19,31;13,25;24,46;10,44;57,52;18,21;24,28;45,79;4,97;8,83;40,41;11,16;4,39;52,25;31,09;1,11;97,82;1,07;1,11;87,3;11,07;0;1,63
"255";37265;"Varennes";26234;130;95;13,33;4,44;4,44;11,11;6,67;6,67;6,67;11,11;11,11;8,89;6,67;2,22;2,22;2,22;0;2,22;0;0;0;0;0;4,44;13,33;6,67;13,33;22,22;22,22;17,78;57,78;24,44;17,78;40;2,22;8,89;48,89;13,33;11,11;44,44;31,11;0;100;0;0;84,44;6,67;8,89;0
"256";37266;"Veigné";31360;2383;2635;7,69;3,83;5,17;6,99;6,42;8,43;8,24;8,34;9,29;9,3;7,47;5,94;5,65;3,54;2,3;0,98;0,4;0;0;0;0,29;4,79;9,87;17,05;15,78;8,53;31,84;11,85;50,52;19,97;29,51;42,35;4,22;6,71;46,73;12,65;7,86;40,23;36,79;2,48;91,87;2,29;5,84;78,27;10,82;8,24;2,67
"257";37267;"Véretz";25071;1726;1807;10,35;3,59;4,14;8,14;6,77;10,07;11,59;9,52;6,62;7,73;8,15;4,69;3,32;2,5;1,67;1;0,15;0;0;0;0;2,9;12,14;18,21;16,84;12,28;26,03;11,59;45,31;20,32;34,37;47,47;6,07;4,28;42,18;8,69;6,21;50,92;31,46;2,72;93,69;1,9;4,42;84,17;8,69;4,69;2,45
"258";37268;"Verneuil-le-Château";26113;53;48;4,76;4,76;0;4,76;19,05;0;9,52;14,29;9,52;0;0;9,52;9,52;4,76;4,76;4,76;0;0;0;0;14,29;0;4,76;0;19,05;19,05;33,33;9,52;76,19;0;23,81;33,33;0;19,05;47,62;19,05;9,52;33,33;38,1;0;100;0;0;90,48;0;9,52;0
"259";37269;"Verneuil-sur-Indre";33844;220;185;4,94;4,94;2,47;0;7,41;8,64;13,58;13,58;8,64;6,17;4,94;7,41;7,41;4,94;2,47;1,23;1,23;0;0;0;4,94;6,17;2,47;17,28;8,64;17,28;34,57;8,64;75,31;11,11;13,58;33,33;6,17;13,58;46,91;19,75;4,94;35,8;34,57;4,94;96,3;0;3,7;74,07;23,46;2,47;0
"260";37270;"Vernou-sur-Brenne";19665;1075;1155;9,42;4,93;4,48;6,05;4,93;10,09;10,54;10,31;6,28;6,05;5,61;5,38;5,38;4,26;2,91;2,69;0,45;0,22;0;0;2,24;7,17;9,19;15,25;13,45;12,11;28,92;11,66;55,83;16,14;28,03;39,24;5,61;10,76;44,39;15,47;5,83;41,7;31,84;5,16;90,81;4,04;5,16;75,56;12,56;4,26;7,62
"261";37271;"Villaines-les-Rochers";49071;436;406;6;4,17;5,96;7,75;9,58;7,76;8,94;10,75;11,86;5,93;4,15;3,55;7,7;4,14;0,59;1,18;0;0;0;0;0,6;4,76;5,96;14,31;16,11;22,67;26,64;8,94;65,43;11,91;22,67;42,95;7,74;5,95;43,35;16,5;4,75;46,73;30,83;1,19;98,82;0;1,18;82,77;13,67;1,78;1,78
"262";37272;"Villandry";41502;401;432;7,08;2,43;8,75;9,19;12,57;9,55;13,14;7,35;5,59;9,37;6,18;2,5;2,54;1,88;0,63;1,25;0;0;0;0;0;3,02;9,14;23,44;18,86;13,37;23,74;8,42;48,42;21,1;30,48;49,43;8,56;4,87;37,14;10,02;6,68;46,51;33,8;2,99;97,5;0;2,5;88,41;6,75;0,63;4,21
"263";37273;"La Ville-aux-Dames";49910;2090;2350;7,32;6,53;6,31;6,42;6,42;8,33;7,66;8,56;7,43;9,01;9,91;6,08;4,28;3,49;1,69;0,45;0,11;0;0;0;0,45;3,15;6,87;15,43;15,88;13,51;32,21;12,5;61,82;19,03;19,14;40,2;5,18;4,28;50,34;11,6;5,41;44,71;36,26;2,03;87,73;0,68;11,6;73,65;14,19;11,49;0,68
"264";37274;"Villebourg";53222;134;104;8,33;6,25;6,25;14,58;2,08;4,17;10,42;10,42;16,67;6,25;0;2,08;2,08;8,33;2,08;0;0;0;0;0;0;4,17;2,08;10,42;14,58;33,33;20,83;14,58;62,5;20,83;16,67;43,75;10,42;2,08;43,75;12,5;8,33;43,75;29,17;6,25;100;0;0;89,58;10,42;0;0
"265";37275;"Villedômain";20987;59;39;10;0;0;0;0;5;5;10;5;5;30;0;15;10;5;0;0;0;0;0;0;0;5;0;5;15;65;10;75;5;20;20;0;0;80;30;20;0;50;0;100;0;0;95;0;0;5
"266";37276;"Villedômer";20055;580;540;7,4;7,32;3,71;9,73;8,8;8,8;11,6;10,6;3,71;5,11;8,82;4,64;4,18;1,86;3,25;0,46;0;0;0;0;1,86;1,86;5,57;14,39;17,64;18,1;24,14;16,45;54,17;23,13;22,7;43,17;3,25;5,57;48,01;11,14;6,03;42,24;34,35;6,24;93,76;5,78;0,46;80,3;11,14;3,25;5,31
"267";37277;"Villeloin-Coulangé";36889;246;277;1,98;0,99;4,95;8,91;4,95;3,96;3,96;5,94;17,46;10,71;12,82;3,9;3,9;7,86;5,76;0,99;0,93;0;0;0;13,87;1,98;1,98;7,92;8,91;9,91;42,91;12,51;72,45;10,9;16,66;18,82;4,95;17,83;58,4;14,86;2,97;29,72;33,68;18,78;84,2;15,8;0;68,35;5,94;9,91;15,8
"268";37278;"Villeperdue";38544;373;388;6,45;7,74;11,61;4,52;7,1;14,19;7,1;10,97;3,87;10,97;5,16;2,58;3,23;1,94;1,94;0,65;0;0;0;0;1,29;3,23;3,23;16,13;21,94;21,29;23,23;9,68;60,65;22,58;16,77;47,1;5,16;5,16;42,58;12,9;4,52;47,74;34,84;0;94,84;0;5,16;74,84;23,23;1,94;0
"269";37279;"Villiers-au-Bouin";28085;291;301;7,63;2,54;2,54;9,32;14,41;6,78;10,17;7,63;6,78;8,47;5,93;5,93;3,39;4,24;3,39;0,85;0;0;0;0;1,69;5,93;1,69;14,41;17,8;16,95;27,96;13,56;67,8;18,64;13,56;37,29;6,78;6,78;49,15;14,41;6,78;45,76;28,81;4,23;98,31;0,84;0,85;76,27;13,56;9,32;0,84
"270";37280;"Vou";17719;85;95;5,56;5,56;8,33;5,56;2,78;2,78;11,11;8,33;5,56;11,11;11,11;5,56;2,78;0;11,11;2,78;0;0;0;0;5,56;8,33;5,56;8,33;13,89;11,11;38,89;8,33;61,11;19,44;19,44;25;11,11;13,89;50;16,67;13,89;22,22;38,89;8,33;100;0;0;83,33;16,67;0;0
"271";37281;"Vouvray";53305;1300;1305;5,76;4,8;5,76;8,06;8,06;10,36;6,91;6,91;11,32;9,79;7,68;4,41;3,65;3,84;1,34;0,96;0,38;0;0;0;2,5;4,03;15,93;18,62;10,56;9,79;26,49;12,09;49,14;15,74;35,12;40,69;6,33;9,98;42,99;14,97;6,33;37,81;35,7;5,18;81,96;4,22;13,82;69,67;17,47;7,49;5,37
"272";37282;"Yzeures-sur-Creuse";21992;614;645;6,45;4,03;2,02;6,85;5,24;6,45;4,84;8,06;9,27;12,1;12,5;8,06;5,65;4,03;3,63;0,81;0;0;0;0;3,23;6,05;2,82;5,24;14,92;16,13;40,73;10,89;74,19;14,52;11,29;31,05;2,82;9,68;56,45;24,19;3,63;31,05;38,71;2,42;95,97;0;4,03;84,68;9,68;2,82;2,82
